Artista,Canción,Duración (segundos),Álbum,Año,Género
Josimar y Su Yambú,Tú Te Lo Pierdes,231,Tú Te Lo Pierdes,2020,
Josimar y Su Yambú,Con la Misma Moneda,322,A Lo Perucho,2015,
Pedro Alonso; Ami Galíndez,Fuiste Tú,207,Fuiste Tú,2023,
Moa Rivera,La Película,177,La Película,2023,
Edu Tejada,Dame Un Suspiro,211,Dame Un Suspiro,2023,
Pedro Alonso; Ami Galíndez,Para Siempre,235,Para Siempre,2022,
Edu Tejada,Te Deseo Lo Peor,217,Te Deseo Lo Peor,2023,
Pedro Alonso; Chipi Chacon,Te Soñé,249,Te Soñé,2023,
Josimar y Su Yambú,La Mejor de Todas,327,Por Culpa de Alguien,2017,
Nelson Arrieta,Zonas Prohibidas,225,Zonas Prohibidas,2022,
Jeremy Gómez,Te Equivocaste - Versión Salsa,231,Te Equivocaste (Versión Salsa),2020,
Josimar y Su Yambú,Como Mirarte,222,Como Mirarte,2018,
Josimar y Su Yambú,El Aventurero,257,El Aventurero,2019,
Edu Tejada,Veneno De Amor,202,Veneno De Amor,2023,
Pedro Alonso; Ariana Dao,Vete,211,Vete,2021,
Josimar y Su Yambú; Son Tentación,Ese Estúpido (Feat. Son Tentación),296,Por Culpa de Alguien,2017,
Jeremy Gómez,La Mitad - Versión Salsa,283,La Mitad (Versión Salsa),2021,
Josimar y Su Yambú,Porque un Hombre No Llora,295,Porque un Hombre No Llora,2018,
Edu Tejada,Todavía Hay Algo Más,245,Todavía Hay Algo Más,2020,
Combinacion De La Habana; Nesty,Hawái,249,Hawái,2020,
N'Samble,Me Vas A Extrañar,310,Me Vas A Extranar,2019,
Edu Tejada,Dame Un Suspiro,211,Dame Un Suspiro,2023,
Calango Orquesta; Joselito El Hachero,Aquí Abajo,249,Aquí Abajo,2022,
Daniela Darcourt,Señor Mentira,269,Esa Soy Yo,2019,
Calango Orquesta; Sandra Saldaña,Modo Avión,270,Modo Avión,2023,
Jeremy Gómez,Te Equivocaste - Versión Salsa,231,Te Equivocaste (Versión Salsa),2020,
Bamboleo,Usted No Sabe,295,De Cuba a Perú,2018,
N'Samble,Hoy he vuelto a ver al amor,334,N'samble y no Hay Más na,2011,
Rumbavana,Voy a conquistar tu amor,298,Pa' que lo goces con ganas,2017,
Jeremy Gómez,La Mitad - Versión Salsa,283,La Mitad (Versión Salsa),2021,
Josimar y Su Yambú,No Te Creas Tan Importante,276,Por Culpa de Alguien,2017,
Orquesta Mangú,Por amarte así,274,Mangunéate,2014,
Jeremy Gómez,No Fue Fácil - Versión Salsa,231,No Fue Fácil (Versión Salsa),2020,
Edu Tejada,Todavía Hay Algo Más,245,Todavía Hay Algo Más,2020,
N'Samble,Amigo mío,266,Lo Mejor y lo Nuevo de N'Samble,2014,
Son Tentación,Déjala,322,A Fuego,2014,
Jeremy Gómez,Te Equivocaste - Versión Salsa,231,Te Equivocaste (Versión Salsa),2020,
Alvaro Rod; Amy Gutiérrez,Vamos a Escapar - Salsa Version,274,Vamos a Escapar,2019,
Gaby Zambrano,Te Hubieras Ido Antes,328,Díselo,2020,
You Salsa,No Te Contaron Mal,276,No Te Contaron Mal,2019,
Bembe Orquesta; Farik Grippa,En Peligro de Extinción,241,En Peligro de Extinción,2019,
Los Barraza,A Ella,295,A Ella,2019,
Karibe Band; Ray Bg,Como Te Hago Entender,254,Amarte por Mil Años,2020,
Yahaira Plasencia,No Vuelvas a Besarme,243,"Y de Pronto, Tú y Yo",2018,
Amy Gutiérrez,No Sé,246,No Sé,2019,
Cielo Torres,Más Fuerte,227,Más Fuerte,2019,
Farik Grippa,Hablame de Ti,270,Hablame de Ti,2019,
Los Barraza,La Mejor Versión de Mi,269,La Mejor Versión de Mi,2019,
Septeto Acarey,Eres Mi Sueño,300,Acarey Ya Llegó,2017,
Josimar y Su Yambú,He Sentido Amor,277,Por Culpa de Alguien,2017,
N'Samble,Corazón Embusteros,353,Y No Hay Más Na,2011,
Josimar y Su Yambú,Tributo Armonia 10 - En Vivo,599,Live Sessions Salsa Perucha,2017,
Eddy Lover; Demphra,Perdóname,243,Perdóname,2008,
Wisin y Yandel; Romeo Santos,Noche De Sexo,205,Pa'l Mundo,2005,
Don Omar; Tego Calderón,Bandoleros,305,The Fast And The Furious: Tokyo Drift (Original Motion Picture Soundtrack),2006,
Don Omar,Guaya Guaya,193,The Last Don II,2015,
Don Omar,Dale Don Dale,212,The Last Don,2003,
Don Omar,Cuéntale - Remastered 2016,261,King Of Kings 10th Anniversary (Remastered),2016,
Don Omar; Juelz Santana,Conteo - Remastered 2016,240,King Of Kings 10th Anniversary (Remastered),2016,
Wisin y Yandel,Rakata,172,Pa'l Mundo,2005,
"Daddy Yankee; Wisin y Yandel; Héctor ""El Father""; Zion; Tonny Tun Tun; Luny Tunes; Tainy Tunes",Noche De Entierro (Nuestro Amor),263,Mas Flow - Los Benjamins,2006,
Arcángel,Pa'que La Pases Bien,210,"Luny Tunes Presents, Calle 434",2009,
Daddy Yankee,Rompe,188,Barrio Fino En Directo,2005,
Don Omar,Salio El Sol,315,Reggaeton Hits Factory,2007,
Wisin y Yandel,Pam Pam,226,Reggaeton Hits Factory,2007,
R.K.M y Ken-Y,Down,225,Now Latino 2,2006,
Don Omar; Manuel Alejandro Ruiz,Reggaeton Latino,200,2007 Años De Exitos Reggaeton,2006,
Don Omar,Pobre Diabla,255,Reggaeton Hitmakers Tropical Blend,2006,
Tego Calderón,Punto Y Aparte,204,12 Discipulos,2005,
Wisin y Yandel; Don Omar,Nadie Como Tu,222,Wisin Y Yandel Presentan: Los Vaqueros,2006,
Zion y Lennox,Yo Voy (feat. Daddy Yankee),232,Motivando a la Yal,2004,
Tony Dize; Yandel,Permitame,186,Latin Party,2012,
Tego Calderón,Metele Sazon,242,Mas Flow,2004,
Nigga; Mr. Saik,Dime Si Te Vas con Él,233,La Evolución Romantic Style,2009,
Daddy Yankee,Ella Me Levanto,209,El Cartel: The Big Boss (iTunes) [Explicit Version],2007,
Daddy Yankee,Gasolina,192,Barrio Fino (Bonus Track Version),2004,
De La Ghetto,Sensacion Del Bloque,182,Reggaeton Rulers: Los Que Ponen,2006,
Calle 13,Atrévete-Te-Te,239,Calle 13 (Explicit Version),2005,
Ivy Queen,Yo Quiero Bailar,186,Yo Quiero Bailar,2019,
Tego Calderón,Punto y Aparte,206,Rompe La Discoteca,2009,
N.O.R.E.; Daddy Yankee; Nina Sky; Gemstar; Big Mato,Oye Mi Canto,240,N.O.R.E. Y La Familia,2006,
R.K.M y Ken-Y,Down,225,Reggaeton Simply The Best,2008,
"Tito ""El Bambino""; Zion y Lennox",Mi Cama Huele a Ti (feat. Zion y Lennox),225,El Patrón,2015,
Casa De Leones,No Te Veo - Digital Single,255,No Te Veo,2007,
Ivy Queen,"Te He Querido, Te He Llorado",254,e5,2006,
Don Omar; Fat Joe; N.O.R.E.; LDA; Manuel Alejandro Ruiz,Reggaeton Latino - Chosen Few Remix,290,N.O.R.E. Y La Familia,2006,
El General,Tu Pun Pun,212,Estas Buena,1991,
Tony Dize; Yandel,Permitame,185,La Melodia De La Calle,2008,
Wisin y Yandel,Pam Pam,227,La Historia De El Dúo (Vol.1),2013,
Aventura; Don Omar,Ella Y Yo - Featuring Don Omar,267,God's Project,2005,
"Angel Y Khriz; Gocho ""El Lápiz De Platino""; John Eric",Na De Na,202,Showtime,2008,
Tego Calderón,Pa' Que Retozen,151,El Abayarde,2003,
Yaga y Mackie; Arcángel; De La Ghetto,Aparentemente,303,La Reunion,2015,
Big Boy; Angel Lopez,Mis Ojos Lloran Por Ti,295,Mis Ojos Lloran Por Ti,2006,
Plan B,Es Un Secreto,190,House of Pleasure,2010,
Wisin y Yandel,Abusadora,180,La Historia De El Dúo (Vol.1),2013,
Wisin y Yandel,Sexy Movimiento,213,La Historia De El Dúo (Vol.1),2013,
Wisin y Yandel,Ahora Es,206,"Wisin Vs Yandel ""Los Extraterrestres""",2007,
Daddy Yankee,Pose,217,Talento de Barrio,2008,
Daddy Yankee,"Lo Que Pasó, Pasó",210,Barrio Fino (Bonus Track Version),2004,
Angel Y Khriz,Ven Bailalo - Reggaeton Mix,252,Ven Bailalo (Reggaeton Mix),2005,
Plan B,Si No Le Contesto,220,House Of Pleasure,2010,
Plan B,Frikitona,183,Frikitona - Single,2011,
Mach y Daddy,La Botella,179,Desde Abajo,2005,
Plan B,Fanática Sensual,240,Love And Sex,2014,
Pitbull; Lil Jon; Ivy Queen,Culo Remix,240,Money Is Still A Major Issue,2005,
"Héctor ""El Father""",Noche de Travesura,207,Goldstar Music La Familia Reggaeton Hits,2019,
De La Ghetto,Tu Te Imaginas,154,Masacre Musical,2008,
Arcángel,Ganas De Ti,174,El Fenomeno,2008,
De La Ghetto,Es Dificil,280,Masacre Musical,2008,
R.K.M y Ken-Y; Ken-Y,Down (Remix),227,Masterpiece : Commemorative Edition,2007,
Jowell y Randy,Loco,231,El Momento,2010,
Don Omar; Plan B,Hooka,237,Meet The Orphans,2010,
Don Omar,Dile,204,The Last Don,2003,
N.O.R.E.; Fat Joe; Big Mato; Nina Sky; Chingo Bling; Lil Rob; Negra; Lumidee,Mas Maiz,274,N.O.R.E. Y La Familia,2006,
Pitbull; Lil Jon,Toma,213,M.I.A.M.I.,2004,
Don Omar,Virtual Diva,239,iDon,2009,
Don Omar,Sexy Robotica,233,iDon,2009,
"Wisin y Yandel; Franco ""El Gorilla""; John Patiño",Me Estas Tentando - Remix,264,La Revolucion (Deluxe),2009,
Daddy Yankee; Zion y Lennox,Tu Príncipe,205,Barrio Fino (Bonus Track Version),2004,
Daddy Yankee; Wisin y Yandel,No Me Dejes Solo,170,Barrio Fino (Bonus Track Version),2004,
Daddy Yankee,¿Qué Tengo Que Hacer?,218,Talento de Barrio,2008,
Daddy Yankee,Impacto,185,El Cartel: The Big Boss,2007,
Sin Bandera,Suelta Mi Mano,240,Mañana,2005,
Alejandro Fernández,Me Dediqué a Perderte,231,A Corazón Abierto,2004,
Santiago Cruz,"Y Si Te Quedas, ¿Qué?",218,Cruce de Caminos,2009,
Camila,Bésame,252,Dejarte De Amar,2010,
Luis Fonsi; Juan Luis Guerra 4.40,Llegaste Tú,221,8,2014,
Pablo Alborán,Solamente tú,247,Pablo Alboran (Deluxe),2011,
Ricardo Arjona,La Mujer Que No Soñé,218,Solo,2004,
Sebastian Yatra,Amor Pasajero,152,Amor Pasajero,2022,
Franco De Vita,Tú de Qué Vas,238,Stop,2004,
Lirow,No Me Olvides,178,No Me Olvides,2020,
José José,Vamos a Darnos Tiempo,248,Gracias,1981,
Shakira; Rauw Alejandro,Te Felicito,172,Te Felicito,2022,
El General Paz y La Triple Frontera; La Revolución De Emiliano Zapata,El Santuario,244,El Santuario,2023,
Sin Bandera,Entra en Mi Vida,248,Sin Bandera,2003,
Alejandro Sanz,Corazón partío,343,Más,1997,
Chino y Nacho,Niña Bonita,216,Mi Niña Bonita - Reloaded,2010,
Juanes,Volverte A Ver,217,Mi Sangre,2004,
Sebastian Yatra; Myke Towers,Pareja Del Año,195,Dharma,2022,
Norbert,La Cartera,222,Transición y Creación,2023,
Ricardo Arjona; Gaby Moreno,Fuiste Tú (feat. Gaby Moreno),265,Independiente + Demos,2011,
Marshmello; Manuel Turizo,El Merengue,189,El Merengue,2023,
Emmanuel,Bella Señora,279,La Historia De Toda La Vida,2006,
Timbiriche,Si No Es Ahora,233,Timbiriche 7,2009,
Carlos Baute; Marta Sánchez,Colgando en tus manos (con Marta Sánchez),230,De mi puño y letra - Edicion Coleccionista,2009,
Mila Manes,Tu Amor,147,Tu Amor,2023,
Pepe Aguilar; Melissa Robles; Ángela Aguilar; La Marisoul,Prometiste,305,MTV Unplugged,2014,
ChiChi Peralta; Jandy Feliz,Amor Narcótico,316,Pa' Otro La 'O,1997,
ZELAYA,Enamorados,170,Enamorados,2023,
Pablo Alborán,Saturno,253,Prometo,2017,
Magneto,Malherido,230,La Historia De Magneto,2007,
Zilvano; Mike Torres,Astronautas,155,Astronautas,2022,
Franco De Vita,Un Buen Perdedor,240,Franco de Vita,1990,
Ricky Martin,Vuelve,307,Vuelve,1998,
Yas Gagliardi,Que Pena,143,Que Pena,2022,
David Bisbal,Dígale,262,Corazon Latino,2002,
Juan Luis Guerra 4.40,Como Abeja al Panal,245,Bachata Rosa,1990,
Manny Cruz,Amor Mío,203,Amor Mío,2023,
Sebastian Yatra,Tacones Rojos,189,Tacones Rojos,2021,
José Luis Rodríguez,Dueño De Nada,297,15 Exitos De Jose Luis Rodriguez,2011,
Tony Lozano; DerekVinci; El Tiguere,Toa La Noche,175,Toa La Noche,2023,
Juanes,Nada Valgo Sin Tu Amor,196,Mi Sangre,2004,
Luis Miguel,Palabra De Honor,218,Palabra De Honor,1984,
OlyKhris,Contrato,211,Contrato,2023,
Daniel Santacruz,Sálvame Ahora,219,Bachata Stereo,2011,
Juan Gabriel,Abrázame Muy Fuerte,239,Abrázame Muy Fuerte,2000,
Mickey Then,Sin Piedad,159,Sin Piedad,2023,
Camila,Aléjate de Mí,258,Dejarte De Amar,2010,
Aleks Syntek,Te Soñé,227,Mundo Lite,2004,
Angelito Tu Abuela,A Veces Me Emborracho,235,Espalda Con Espalda,2022,
Mijares,El Privilegio De Amar,236,El Privilegio De Amar,1998,
Los Bukis,Acepto Mi Derrota,248,Inalcanzable,1993,
La Oreja de Van Gogh,Jueves,263,Nuestra Casa a la Izquierda del Tiempo,2009,
José José,Preso,226,Gracias,1981,
Timbiriche,Mírame,200,Imprescindibles,2014,
Alejandro Sanz,Amiga mía,290,Más,1997,
Luis Miguel,La Incondicional,257,Busca Una Mujer,1988,
Eros Ramazzotti,La Cosa Mas Bella,265,Donde Hay Música (Spanish Version),1996,
Ricardo Montaner,Tan Enamorados,256,Ricardo Montaner Volumen 2,1988,
Franco De Vita,Louis,309,Al Norte Del Sur,1988,
Alex Ubago,Aunque no te pueda ver,266,Fantasía o realidad,2003,
Luis Fonsi,No Me Doy Por Vencido,239,Palabras Del Silencio (Edición Aniversario - Un Año Despues),2008,
Norbert,La Cartera,222,Transición y Creación,2023,
Mecano,Hijo de la Luna,260,Entre El Cielo Y El Suelo,1986,
Alexander Acha,Te amo,233,Voy,2008,
Los Enanitos Verdes,Luz De Dia,268,Nectar,1999,
Chayanne,Humanos a Marte,225,En Todo Estaré (Deluxe Edition),2014,
Eros Ramazzotti,Otra Como Tu,281,Todo Historias,1993,
Nek,Laura no està,225,Nek (spanish version),1997,
Camila,Mientes,205,Dejarte De Amar,2010,
Mijares,Para Amarnos Más,206,21 Black Jack,1992,
Enrique Iglesias,Por Amarte,244,Enrique Iglesias,1995,
Ricky Martin,Tal Vez,279,Almas Del Silencio,2003,
Mijares,Bella,224,Mis Mas Grandes Éxitos,1998,
Alejandro Fernández; Christina Aguilera,Hoy Tengo Ganas De Ti,291,Confidencias,2013,
Camila,Abrázame,230,Todo Cambio,2006,
Luis Fonsi,Corazón En La Maleta,221,8,2014,
Lirow,"Amor, Amor",255,La Carta,2016,
Luis Fonsi; Aleks Syntek; Noel Schajris; David Bisbal,Aqui Estoy Yo,251,Palabras Del Silencio (Edición Aniversario - Un Año Despues),2008,
Ana Gabriel,Evidencias,256,Silueta,1992,
Daniel Santacruz,Santo Remedio - Afro Remix,182,Larimar (Deluxe Edition),2022,
Armando Manzanero; Lisset,Nada Personal,191,Te Amo Tv - Exitos Originales de las Telenovelas,2021,
Ricardo Montaner,Déjame llorar,312,Ricardo Montaner Con La London Metropolitan Orchestra,1990,
Vanda,Despegar,205,Invisible Girl,2022,
Shakira,Tú,214,Donde Estan Los Ladrones,1998,
Virgi Dart,Inevitable,182,Inevitable,2023,
Luis Miguel,Amarte es un placer,211,Amarte Es Un Placer,1999,
Mijares,Soldado Del Amor,218,El Rey De La Noche,1990,
Chayanne,Completamente Enamorados,258,Tiempo De Vals,1990,
Aviadores #SinEscala,Quiero Repetir,226,Quiero Repetir,2022,
Tiziano Ferro,No me lo puedo explicar,240,111 Ciento Once,2003,
Reyli Barba,Amor del Bueno,242,Reyli En La Luna,2004,
Daniel Santacruz; Pavel Nuñez,Hay Amores,213,Radio Rompecorazones,2008,
Gloria Trevi,Con los Ojos Cerrados,210,Me Siento Tan Sola,1992,
Alexander Acha,Amiga,195,La vida es,2011,
PEGASO,Pa Que Te Enamores,209,305,2020,
Andrés Calamaro,Flaca,277,Alta Suciedad,1997,
Soda Stereo,En La Ciudad De La Furia - Remasterizado 2007,346,Doble Vida (Remastered),1988,
Daniel Santacruz,A Dónde Va El Amor (Pop Version),250,Radio Rompecorazones,2008,
Vico C,Me Acuerdo,359,VICO-C Digital Collection 1987-2007,2007,
Aymée Nuviola,No me parece - Kizomba,191,No me parece (Kizomba),2023,
Chayanne,Un Siglo Sin Ti,281,Chayanne,1998,
Rocío Dúrcal,Amor Eterno,408,Amor Eterno,1984,
Juan Luis Guerra 4.40,Estrellitas y Duendes,266,Bachata Rosa,1990,
Alejandra Guzman,Hacer El Amor Con Otro,283,Flor De Piel,1991,
Franco De Vita; Sin Bandera,Si la Ves (feat. Sin Bandera),248,Stop,2004,
Gianluca Grignani,Mi Historia Entre Tus Dedos,310,Destino Paraiso,1995,
Braulio Jacob; Moises Montero.,Se Terminó,333,Se Terminó,2023,
Onda Vaselina,"Te Quiero Tanto, Tanto",187,Entrega Total,1998,
Chayanne,Y Tú Te Vas,285,Chayanne,1998,
Mila Manes,Tu Amor,147,Tu Amor,2023,
Amanda Miguel,Castillos,261,El Sonido Vol. 2,1983,
Alejandro Sanz,Mi soledad y yo,299,Alejandro Sanz 3,1995,
Marco Antonio Solís,Mi Eterno Amor Secreto,223,Trozos De Mi Alma,2003,
David Cavazos,Bruja hada,251,Antes y despues,2009,
Enrique Iglesias,Experiencia Religiosa,332,Enrique Iglesias,1995,
ZELAYA,Se Va,144,Se Va,2022,
Cristian Castro,No Podras,240,Agua Nueva,1992,
Alex Ubago; Amaia Montero,Sin miedo a nada (feat. Amaia Montero),310,¿Qué pides tú? (Argentina),2001,
Henry Santos,Me Dejó,212,Me Dejó,2023,
Daniel Peña; Paquito Guzman,Quizas Quizas,193,Sancocho,2017,
Alejandro Fernández,Qué Voy a Hacer Con Mi Amor,245,A Corazón Abierto,2004,
Reik,Creo en Ti,163,Peligro,2011,
Chayanne,Si Nos Quedara Poco Tiempo,199,Mi Tiempo (Deluxe Edition),2007,
Ricky Martin,A Medio Vivir,281,A Medio Vivir,1995,
Laura Pausini,Amores extraños - Versión 2001,257,Lo mejor de Laura Pausini - Volveré junto a ti,2001,
Marc Anthony,Y Cómo Es El,240,Iconos,2010,
Dioris,Una Vez Más,219,Una Vez Más,2023,
Eros Ramazzotti,Por Ti Me Casare,242,Musica Es,1988,
Magneto,Para Siempre,250,La Historia De Magneto,2007,
Laura Pausini,Víveme,236,Escucha,2004,
La Oreja de Van Gogh,Rosas,236,Lo Que Te Conte Mientras Te Hacias La Dormida,2003,
Jesse y Joy,Mi tesoro,209,Soltando Al Perro (USA),2014,
Alejandro Fernández,Se Me Va La Voz,240,Dos Mundos - Evolución,2009,
Amanda Miguel,Él Me Mintió,221,El Sonido Vol. 1,1981,
Marco Antonio Solís,¿A Dónde Vamos A Parar?,228,En Total Plenitud,2010,
David Bisbal,Mi Princesa,202,Sin Mirar Atrás,2009,
Daniel Santacruz,No Me Sueltes,209,Lo Dice la Gente,2014,
Miguel Bosé,Si tú no vuelves,278,Bajo El Signo De Caín,1993,
Franco De Vita,No Basta,272,Mis 30 Mejores Canciones,1989,
Marco Antonio Solís,Si No Te Hubieras Ido,287,Trozos De Mi Alma,1999,
Enrique Iglesias; Juan Luis Guerra 4.40,Cuando Me Enamoro,200,Euphoria (Standard US/Latin version),2010,
Camila,Todo Cambió,193,Todo Cambio,2006,
Grupo Aurora,Maldición,215,Maldición,2023,
Sin Bandera,Que Lloro,240,De Viaje,2003,
La Secta AllStar,La Locura Automática,288,Consejo,2005,
Mickey Then,Sin Piedad,159,Sin Piedad,2023,
Camila,Coleccionista de Canciones,306,Todo Cambio,2006,
Sin Bandera,Mientes Tan Bien,227,De Viaje,2003,
Pablo Alborán; Jesse y Joy,Dónde está el amor (feat. Jesse y Joy),233,Tanto (Edición Premium),2012,
Henry Santos,Me Dejó,212,Me Dejó,2023,
Vinny Rivera; DerekVinci; El Tiguere,Todos,201,Todos,2023,
Jesse y Joy; Mario Domm,Llorar (feat. Mario Domm),225,¿Con Quién Se Queda El Perro? (Deluxe),2012,
Yahir,No te apartes de mí,245,No Te Apartes De Mí,2005,
J Salez; Vinny Rivera; DerekVinci,Un X100To - Bachata Version,226,Un X100To (Bachata Version),2023,
Chayanne,Me Enamoré de Ti,263,No Hay Imposibles,2010,
Sin Bandera,Que Me Alcance la Vida,228,Mañana,2005,
Alejandro Sanz,"Y, ¿Si fuera ella?",323,Más,1997,
Río Roma,Por Eso Te Amo,208,Al Fin Te Encontré,2011,
Henry Santos; Lirow; Daniel Santacruz,Weekend,228,Friends & Legends,2021,
Alex Ubago,Sin miedo a nada,310,¿Qué pides tú? (Argentina),2001,
Lucero,Tacticas De Guerra,217,La Más Completa Colección [Pop (CD1)],2009,
Prophex,Sensual (Smile),227,Sensual (Smile),2023,
Kalimba,Duele (Crazy),230,Negroklaro,2007,
Reyli Barba,La Descarada,203,Reyli En La Luna,2004,
Daniel Santacruz,Envenenao,203,Envenenao,2022,
Alexandre Pires,Usted Se Me Llevo la Vida,272,É Por Amor,2001,
Ricardo Arjona,El Problema,330,Santo Pecado,2002,
Lirow; Grupo Extra,Se Va a Beber,219,Se Va a Beber,2022,
Ricardo Arjona,Pingüinos en la Cama,228,Adentro,2005,
Fonseca,Te Mando Flores,228,Corazón,2005,
Johandy,Y Si Te Vas,227,Y Si Te Vas,2018,
Leonel García,Para Empezar,258,Tú,2011,
Luis Miguel,Entrégate,263,20 Años,1990,
Shakira,Antologia,254,Pies Descalzos,1995,
Jesse y Joy,Dueles,247,Un Besito Más,2015,
DJ Ramon; Bachata Plus,Supongo Que Lo Sabes (Bachata),239,Supongo Que Lo Sabes (Bachata),2023,
Quevedo,VISTA AL MAR,180,VISTA AL MAR,2022,
Jesse y Joy,Espacio sideral,222,Esta Es Mi Vida,2006,
Bacilos,Tabaco Y Chanel,312,Bacilos (Re-Issue),2001,
Vicentico,No Te Apartes de Mí,198,Vicentico 5,2012,
Jesse y Joy,Llegaste tú,246,Esta Es Mi Vida,2006,
Natalia Jiménez,Creo en Mi,229,Creo en Mi,2015,
Cristian Castro,Lloviendo Estrellas,256,Grandes Hits,2002,
Obie Bermudez,Antes,218,Confesiones,2003,
Juan Luis Guerra 4.40,Mi Bendición,188,Asondeguerra,2010,
Laura Pausini,En cambio no,237,Primavera anticipada,2008,
Los Enanitos Verdes,Tu Carcel - En Vivo,242,En Vivo,2004,
Miguel Bosé,Morena mía,291,Sereno,2001,
Enrique Iglesias,¿Dónde Están Corazón?,259,¿Dónde Están Corazón?,2008,
OV7,"Te Quiero Tanto, Tanto - (En Vivo)",268,OV7 Primera Fila,2010,
Diego Torres,Color Esperanza,267,Un Mundo Diferente,2001,
Maná,Eres Mi Religión - 2020 Remasterizado,329,Revolución De Amor (2020 Remasterizado),2002,
Río Roma; Fonseca,Caminar de Tu Mano (feat. Fonseca),206,Eres la Persona Correcta en el Momento Equivocado (Deluxe Edition),2017,
Marc Anthony,Flor Pálida,280,3.0,2013,
Andrés Cepeda,Lo Mejor Que Hay en Mi Vida,214,Lo Mejor Que Hay en Mi Vida,2012,
Reik,Tu Mirada,200,Peligro,2011,
Ricardo Montaner,Me Va A Extranar,256,Un Toque De Misterio,1989,
Luis Miguel,Hasta Que Me Olvides,281,Aries,1993,
José José,Si Me Dejas Ahora,272,Si Me Dejas Ahora,1979,
Luis Miguel,Fría Como El Viento,235,Busca Una Mujer,1988,
Maná,Te Lloré Un Río,292,¿Dónde Jugarán Los Niños?,1992,
La Oreja de Van Gogh,La Playa,247,El Viaje de Copperpot,2000,
Los Enanitos Verdes,Lamento Boliviano,222,Big Bang,1994,
Soda Stereo,De Música Ligera - Remasterizado 2007,212,Canción Animal (Remastered),1990,
Maná,En El Muelle de San Blas,352,Sueños Líquidos,1997,
Los Fabulosos Cadillacs,El Matador,273,Vasos Vacios,1994,
Andrés Calamaro,Alta suciedad,265,Andres,2009,
Té de Brujas,Los 90's,200,Los 90's,2021,
Café Tacvba,Eres,267,Cuatro Caminos,2003,
Los Enanitos Verdes,La Muralla Verde,161,Originales - 20 Exitos,1986,
Los Caligaris,Razón,195,Bailarín Apocalíptico,2011,
Stokoff,No Te Vas a Arrepentir,205,No Te Vas a Arrepentir,2023,
Duncan Dhu,En algún lugar,235,El Grito Del Tiempo,1987,
Hombres G,Devuélveme a mi chica,194,Hombres G (Edición 30 Aniversario),1985,
Vilma Palma e Vampiros,Bye bye,349,Lo Mejor de Vilma Palma,2003,
SER; Thiago Muller,Esta Noche,205,Esta Noche,2023,
Enrique Hellmers,Te Pillé,202,Juventud,2019,
La Unión,Lobo-hombre en París,233,Grandes Exitos,2000,
Caifanes,Afuera,288,El Nervio Del Volcan,1994,
Nathalie Hazim,Mas de Lo Que Soñe,222,Más de Lo Que Soñé,2020,
La Mosca Tse-Tse,Para No Verte Más,191,Visperas De Carnaval,2000,
La Ley,Mentira,288,La Ley MTV Unplugged,2001,
Discipulos,Error Universal,164,No Sabe'que,2017,
NICOLA,Tan Espiritual,207,Amistad es lo primero,2022,
Heroes Del Silencio,Entre dos tierras,368,Senderos De Traición - Edición Especial,1990,
Coral Campopiano; Jorge Serrano,Mejor Que Tu Amor,188,Mejor Que Tu Amor,2022,
El Tri,Triste canción,342,Simplemente,1987,
Albertucho,La manzana prohibida,177,La manzana prohibida,2023,
Julieta Venegas,Sin Documentos,227,Calamaro Querido!! Cantando Al Salmón Parte 2,2006,
Cobardes,En otros labios,253,Que empiece el baile,2023,
Radio Futura,Veneno en la Piel,225,Caja de Canciones,1984,
Fehr Rivas,Tu Amuleto,269,Tu Amuleto,2022,
Milongas Extremas; La Vela Puerca,Dice - En Vivo,271,Dice (En Vivo),2023,
Los Fabulosos Cadillacs,"Manuel Santillán, el León (Versión Reggae) - Remasterizado 2008",237,El León,1992,
Zaravia,MULTIVERSO,223,MULTIVERSO,2022,
Inspector,Me Estoy Enamorando,243,Ska a La Carta,2012,
Los Amantes De Lola,Beber de Tu Sangre,276,Rock En Espanol - Lo Mejor De Los Amantes De Lola,2001,
Los Abuelos De La Nada,Mil Horas,169,Cronicas,2007,
Los Auténticos Decadentes,La Guitarra,218,Mi Vida Loca,1995,
La Ley,El Duelo,194,Invisible,1995,
Uri; Rodridi; BAMBI,olvidARTE,147,olvidARTE,2023,
Café Tacvba,Como te extraño mi amor,214,Avalancha de éxitos,1996,
Charly García,No Voy en Tren,182,Los Clásicos Del Rock En Tu Idioma,2010,
Soda Stereo,Cuando Pase El Temblor - Remasterizado 2007,229,Nada Personal (Remastered),1985,
Heroes Del Silencio,Maldito duende,253,Senderos De Traición - Edición Especial,1990,
Scones de la Chola,Hagamos el Amor,154,Hagamos el Amor,2020,
Radio Futura,Escuela de Calor,210,Caja de Canciones,1984,
Los Prisioneros,Tren Al Sur,336,Corazones,1990,
Pepe Bernabé; Lu Decker,NO PUEDO BORRARTE,198,NO PUEDO BORRARTE,2023,
Maná,Clavado en Un Bar,310,Sueños Líquidos,1997,
Sergio Marcos,El Capitán,152,El Capitán,2022,
Elefante,Así Es la Vida,310,El Que Busca Encuentra,2001,
Pablo Martin,Solo Tus Canciones,232,Solo Tus Canciones,2021,
Fito Paez,El amor después del amor,311,El Amor Después del Amor,1992,
Isaac Montijo; Roco Pachukote; Heber,El Coyote Del Barrio,204,El Coyote Del Barrio,2023,
Jadeh,Sé,248,Sé,2022,
Daniela Milagros,Fuiste,140,Fuiste,2022,
El Barbas; Marea; Dikers; Kolibrí Díaz; Iker Piedrafita,La Muerte del Verdugo,257,La Muerte del Verdugo,2023,
Zaravia,Algún Día,203,Algún Día,2021,
Maná,Oye Mi Amor,263,¿Dónde Jugarán Los Niños?,1992,
Chica Sobresalto; Celia Becks,La Monogamia,237,La Monogamia,2023,
Cuca,El Son del Dolor,240,La Invasion De Los Blatidos,1992,
Éxtasis,No sé cuánto tiempo,201,No sé cuánto tiempo,2022,
Los Ronaldos,No Puedo Vivir Sin Ti,254,4 Canciones,2007,
Javi Robles,Mi Frase Favorita,136,Mi Frase Favorita,2023,
El Último De La Fila,Insurreccion (En Directo),134,Insurreccion (En Directo),2015,
Andrés Calamaro,La parte de adelante,261,Honestidad Brutal,1999,
Los Rodriguez,Dulce condena,281,¡Hasta luego!,1996,
Jadeh,Vicio,225,Vicio,2023,
Bocanada,Bocanada,247,Bocanada,2023,
Leiva,Como Si Fueras a Morir Mañana,240,Nuclear,2019,
DLUE,Es Mejor Decir Adiós,228,Es Mejor Decir Adiós,2020,
Bruno Lippi; Willi 'Los Tipitos',Nena,233,Nena,2022,
Ciclonautas,Abrazado a un Misil,207,Camping del Hastío,2021,
Los Fabulosos Cadillacs,Vasos Vacíos - Remasterizado 2008,279,El Ritmo Mundial,1988,
Té de Brujas,Yo Mismo,319,Yo Mismo,2018,
Nino Leone; Dj Garay Beats,Sustenta a Botada,164,Sustenta a Botada,2023,
Nino Leone; Goodboysut,Funk de Hogwarts,126,Funk de Hogwarts,2023,
MC Kevinho; 2 Chainz; French Montana; Nacho,Olha A Explosão - Remix,210,Olha A Explosão (Remix),2018,
MC Fioti; Future; J Balvin; Stefflon Don; Juan Magán,Bum Bum Tam Tam,213,Bum Bum Tam Tam,2017,
Anitta; ZAAC; Maejor; Tropkillaz; DJ Yuri Martins,Vai malandra (feat. Tropkillaz y DJ Yuri Martins),201,Vai malandra (feat. Tropkillaz & DJ Yuri Martins),2017,
Bonde R300,Oh Nanana,217,Oh Nanana,2017,
Tropkillaz; J Balvin; Anitta; ZAAC,Bola Rebola,193,Bola Rebola,2019,
MC's Zaac; Jerry Smith,Bumbum granada,187,Bumbum granada,2017,
Dj LK da Escócia; Tchakabum; MC Ryan SP; mc jhenny; Mc RF,Tubarão Te Amo,149,Tubarão Te Amo,2022,
MC Kevinho,Rabiola,175,Rabiola,2017,
MC Kevinho; Leo Santana,Encaixa,169,Encaixa,2017,
MC Kevin o Chris,Ela É do Tipo,204,Ela É do Tipo,2019,
Dj Scuff,Plakiti,135,Plakiti,2017,
J Balvin; Jeon; Anitta,Machika,189,Vibras,2018,
Mc Delux; DJ ABDO; CLUB DA DZ7,EU BEM QUE TE AVISEI - TU EMPINOU ELE PEI,158,EU BEM QUE TE AVISEI - TU EMPINOU ELE PEI,2022,
MC Mazzie; Mc Rd; DJ NpcSize; DJ Wizard,Ele Te Bota Soca Soca,180,Ele Te Bota Soca Soca,2021,
Blessmon,Portuguese,139,Portuguese,2023,
Major Lazer; Anitta; Pabllo Vittar,Sua Cara,167,Know No Better,2017,
MC MENOR HR; MC MENOR SG; DJ ESCOBAR,Evoque Prata,107,Evoque Prata,2022,
DJ GUDOG,BEAT MÁGICO QUE MEXE COM A SUA MENTE,155,BEAT MÁGICO QUE MEXE COM A SUA MENTE,2022,
Mc Delux; DJ Guih Da ZO,Se Voce Nao Quer Passa a Vez,133,Se Voce Nao Quer Passa a Vez,2022,
MC Teuzin PV; MC Skcot,Joga Essa Rabeta,155,Joga Essa Rabeta,2022,
MC L da Vinte; MC Gury,Parado no Bailão,171,Parado no Bailão,2018,
Mc Rd,Ele Te Bota Soca Soca,181,Ele Te Bota Soca Soca,2022,
Mc Delux; MC Guto VGS; DJ PAVANELLO; MC Mazzie,Baforando Sentando Com a Xereca Rosa,142,Baforando Sentando Com a Xereca Rosa,2021,
MC Lan,Rabetão,170,Rabetão,2017,
Sérgio Mendes,Magalenha,216,Brasileiro,1992,
Mc Don Juan; MC G15; Mc Davi,EU VOU COM CARINHO ELA QUER COM FORÇA,144,EU VOU COM CARINHO ELA QUER COM FORÇA,2022,
MC Rafa 22,Bota o Bundão pra Aquecimento,108,Bota o Bundão pra Aquecimento,2018,
DJ Jr do MD; Kroos,Toma Botada,167,Toma Botada,2022,
Mc Delux; DJ Guih Da ZO,Chama o Coveiro,129,Chama o Coveiro,2022,
MC Gustta; MC DG,Abusadamente,215,Abusadamente,2017,
MC Teuzin PV; MC Skcot,Eu Já Sofri por Amor Mas Não Sofro Mais (Tik Tok),134,Eu Já Sofri por Amor Mas Não Sofro Mais (Tik Tok),2022,
MC Kaique da VP; DJ SKYPE,Taca a Xereca pra Mim,260,Taca a Xereca pra Mim,2021,
DJ BRUNIN DA NT; Mc Topre,ESSE É LADRÃO,213,ESSE É LADRÃO,2021,
"Mc Talibã,MC 3L",Um Sabadão Desse Uma Lua Dessa,172,Um Sabadão Desse Uma Lua Dessa,2020,
Michel Teló,Ai Se Eu Te Pego,170,Só Sucesso 40+,2019,
WC no Beat; MC Cabelinho; Pk; MC Hariel; Orochi,Meu Mundo,284,18K,2018,
MC Levin; DJ Nikolas Alves Exclusive; DJ Kaioken; DJ Gege,Ela me Falou Que Quer Rave,235,Ela me Falou Que Quer Rave,2021,
MC Levin,Sua amiga deu,178,Sua amiga deu,2019,
DJ Gege; Dj Guuga,Agora Chora,165,Agora Chora,2020,
Mc Livinho; Mc Pedrinho; Perera DJ,Se Prepara 2,147,Se Prepara 2,2019,
Bakermat,Baianá,180,The Ringmaster,2020,
Gusttavo Lima,Balada,201,Caribe 2012: Ai Se o Verão Te Pega!,2012,
MC Bruninho; Vitinho Ferrari; Dj DG; Batidão Stronda,Sou Favela,209,Sou Favela,2018,
L7NNON; DJ Biel do Furduncinho; Bianca,Ai Preto,131,Ai Preto,2022,
Mc João,Baile de Favela,170,Mc João,2016,
Mc Don Juan,Vai Voltar Chorando,214,Vai Voltar Chorando,2018,
Dadá Boladão; Tati Zaqui; OIK,Surtada - Remix Brega Funk,152,Surtada (Remix Brega Funk),2019,
DENNIS; Mc Don Juan,Te Prometo,161,Te Prometo,2019,
Davi Kneip; Mc Frog; Dj Gabriel do Borel; Luísa Sonza,sentaDONA (Remix) s2,125,sentaDONA (Remix) s2,2022,
Axe Bahia,Beso en la Boca - Versión Español,208,Melhores Sucessos,2010,
Mc Tota,Tereu Teu Teu,196,Tereu Teu Teu,2020,
PEDRO SAMPAIO; Felipe Original; JS o Mão de Ouro,SENTADÃO,143,SENTADÃO,2019,
DJ MESQUITA DE NV; DJ MESQUITA,Mtg Beat Fino Dança do Pombo,98,Mtg Beat Fino Dança do Pombo,2022,
DJ Chino; Bebo Yau,Mami Quiebra la Cintura,139,Mami Quiebra la Cintura,2020,
Niack,Oh Juliana,153,Oh Juliana,2020,
MC Fioti,Joga O Bum Bum Tam Tam,155,Joga O Bum Bum Tam Tam,2017,
Deavele Santos,Pra pra pra,142,Plutão,2022,
Anderson Neiff; John Johnis,Ela Já Tá Louca,147,Ela Já Tá Louca,2021,
MC PG; DJ LUCIANO DE CAXIAS; dj Douglas dedo Magico,Toma Bala,132,Toma Bala,2022,
MC Kevinho,O Grave Bater,181,O Grave Bater,2017,
Mc Delux; DJ Guih Da ZO,Tu Hablas Espanhol,126,Tu Hablas Espanhol,2022,
MC Kevinho,Olha A Explosão,162,Olha A Explosão,2016,
MC Levin,Vai perereca,108,Vai perereca,2018,
Mc Paiva ZS; MC Ryan SP; Kotim,Casei Com a Putaria,157,Casei Com a Putaria,2022,
Mc Pepeu; DJ Swat,Gostosinho Tu Cai,132,Gostosinho Tu Cai,2022,
Niack,"Bruna, Tu Já Parou Pra Pensar",162,"Bruna, Tu Já Parou Pra Pensar",2022,
Dyamante DJ; Mc Gw,Sentadinha Diferente,123,Sentadinha Diferente,2022,
DJ AK BR; Dj Darge,Melodia Alucinógena,183,Melodia Alucinógena,2022,
MC Kevin o Chris,Incendeia,239,Incendeia,2022,
Mc Jacaré; Dj Tk,Vento Forte,123,Vento Forte,2022,
Mc Gabzin; DJ TAK VADIÃO; dj sv,O Poder Dessa Garota,136,O Poder Dessa Garota,2022,
MC Braz; MC Tairon; Dj Win,Kikando e Me Olhando,210,Kikando e Me Olhando,2022,
MC Tairon; Mc Vitin Da Igrejinha; Dj Win,Baile no Morro,140,Baile no Morro,2022,
Zé Felipe,Malvada,145,Malvada,2022,
Dj Guuga; Wesley Safadão; Zé Felipe,Depende,156,Depende,2022,
Mc Th; DJ Tacinho; Dj Terrorista; Medellin,"Calma Bb, Tá nos Melhores Amigos",131,"Calma Bb, Tá nos Melhores Amigos",2021,
Mc Gabzin,Simplesmente Ela,161,Simplesmente Ela,2022,
Mc Danone; Mc Frog,Pegada de Malvado,107,Pegada de Malvado,2021,
Felipe Cardoso DJ; Mc Fopi,Bota a Mão no Chão,118,Bota a Mão no Chão,2021,
Mc Davi; Mc Pedrinho; Mc Don Juan; DJ 900,Bipolar,276,Bipolar,2021,
MC Kevinho; Tainá Costa; Mad Dogz,Desce com Pressão,195,Desce com Pressão,2020,
Mc Davi; MC Kevinho,Jogando o Bumbum,137,Jogando o Bumbum,2016,
MC G15,Deu Onda,143,Deu Onda,2016,
MC Kevinho,Tumbalatum,123,Mc Kevinho,2016,
MC Kevinho,Tô Apaixonado Nessa Mina,196,Tô Apaixonado Nessa Mina,2017,
MC Tullin; MC Dog,Socadão,114,Socadão,2017,
MC Dennin,Faz a Fila,125,Faz a Fila,2020,
Mc Delux; DJ Lemix,Ai Ai Ai Calma,153,Ai Ai Ai Calma,2022,
Mc Toy; DJ Alef Rodrigo; DJ FELYPINHO 013,Me Chama de Cachorrão 2,166,Me Chama de Cachorrão 2,2022,
MC Guto VGS; DJ Patrick R; DJ TOM BEAT V8,Vo Bota na Xota Vs na Xota Pock Pock,137,Vo Bota na Xota Vs na Xota Pock Pock,2022,
MC K.K; Dj TG Beats; Dj Aurélio; MC Lipivox,Agudo Mágico 3,174,Agudo Mágico 3,2022,
MC Pipokinha; DJ Pablo RB; Noguera DJ; DJ FELYPINHO 013,Bota na Pipokinha (feat. DJ FELYPINHO 013),193,Bota na Pipokinha,2021,
PEDRO SAMPAIO; Anitta; Dadju; Mc Pedrinho; Nicky Jam,"DANÇARINA (feat. Nicky Jam, MC Pedrinho) - Remix",212,"DANÇARINA (feat. Nicky Jam, MC Pedrinho) [Remix]",2022,
MC Kevinho; Mc Pedrinho,LOUCA,142,LOUCA,2022,
MC Kevinho,Piripaque,124,Piripaque,2022,
Os Quebradeiras; Mousik; Machadez,Pagodão do Birimbola (Tchubirabirom),125,Pagodão do Birimbola (Tchubirabirom),2022,
Selton DJ,MEGA DO TIMBALAND,156,MEGA DO TIMBALAND,2021,
Luísa Sonza; Xamã,MAMA.CITA (hasta la vista),152,MAMA.CITA (hasta la vista),2022,
Axeblowz ft Mc Flavinho; DJ PV do SI,Ela é faixa preta,182,Ela é faixa preta,2023,
Nilson Neto,Passe Livre,173,Passe Livre,2023,
Mc Larissa; Mc Lekão; DJ Arana,Famoso Machuca Xota,169,Famoso Machuca Xota,2023,
MC Kevin o Chris; BUARQUE,Aquecimento Senta Senta Suave,152,Tamborzão Raiz,2022,
Mc Don Juan; Dj Guuga,Acabou Você Não Deu Valor,198,Acabou Você Não Deu Valor,2021,
Ice Cube,It Was A Good Day,260,The Predator,1992,
Ice Cube,Gangsta Rap Made Me Do It,281,Raw Footage,2008,
CEO Trayle,Chokehold,203,HH5,2022,
Robsan,Atlas,144,Atlas,2023,
Robsan; Krispel; Ro Bless,Thursday,127,Thursday,2023,
Robsan; Ro Bless; Krispel,Oh Well,144,Oh Well,2023,
TrippyThaKid; Tray Bndo; Robsan,Dem Boyz,182,Dem Boyz,2022,
Jordan Webb,CLIFFSIDE,145,Cliffside,2023,
CEO Trayle,Craxk Flow,147,HH5,2022,
Nature; Sheek Louch,Thun Block,153,Legendary Status,2023,
Robsan,Diamonds,144,Diamonds,2022,
Dyrect; Drae Slapz; Brookfield Duece,On Dis,127,On Dis,2023,
Ice Cube,The Nigga Ya Love To Hate,193,AmeriKKKa's Most Wanted,1990,
Ice Cube,You Know How We Do It,232,Lethal Injection,1993,
Robsan; Krispel,Remember My Name,138,Remember My Name,2020,
Karri,3AM in Oakland,206,3AM in Oakland,2023,
Ice Cube,No Vaseline,313,Death Certificate (25th Anniversary Edition),2017,
Ozito; Yesquen,While I Land,202,While I Land,2023,
Ice Cube; Das EFX,Check Yo Self - Remix,273,Bootlegs And B-Sides,1994,
Ice Cube,Why We Thugs,224,"Laugh Now, Cry Later",2006,
Busta Rhymes,Holla,274,Genesis,2001,
Robsan; Krispel,Strivin',196,Strivin',2021,
LLD,Love or Lust,108,Love or Lust,2023,
Robsan,Take Five,181,Take Five,2021,
House Of Pain,Jump Around,214,House of Pain (Fine Malt Lyrics),1994,
Roy Jones Jr.; Mr Magic; Trouble,Can't Be Touched (feat. Mr. Magic y Trouble),214,"Body Head Bangerz, Vol. 1",2004,
Eazy-E,Real Muthaphuckkin' G's,332,Gangsta Memorial,2007,
Eazy-E,Ole School Shit,242,Gangsta Memorial,2007,
Eazy-E; Dr. Dre; MC Ren,Radio,298,Gangsta Memorial,2007,
Eazy-E,It's On,302,It's On (Dr. Dre) 187um Killa,1993,
Eazy-E,No More ?'s,234,Eazy-Duz-It,1988,
Eazy-E,Boyz-N-The-Hood,339,N.W.A. And The Posse,1987,
Luniz,I Got 5 On It - Clean Mix,245,The Lost Tapes 2,2008,
Dr. Dre; Snoop Dogg,Still D.R.E.,270,2001,1999,
Dr. Dre; Hittman; Six-Two; Nate Dogg; Kurupt,Xxplosive,215,2001,1999,
Dr. Dre; Snoop Dogg,"Nuthin' But A ""G"" Thang",238,The Chronic,1992,
Dr. Dre,Fuck Wit Dre Day (And Everybody's Celebratin'),292,The Chronic,1992,
Dr. Dre; Eminem; Xzibit,What's The Difference,244,2001,1999,
Dr. Dre; Snoop Dogg,The Next Episode,161,2001,1999,
Dr. Dre; Eminem,Forgot About Dre,222,2001,1999,
Eazy-E; Dr. Dre,Eazy-er Said Than Dunn,220,Gangsta Memorial,2007,
Dr. Dre; Snoop Dogg,Deep Cover,250,The Sound of Snoop Doggy Dogg,2006,
Ice Cube; Dr. Dre; MC Ren,Hello,232,War & Peace Vol. 2 (The Peace Disc),2000,
The Notorious B.I.G.,Big Poppa - 2005 Remaster,252,Ready to Die (The Remaster),1994,
The Notorious B.I.G.,Who Shot Ya? - 2005 Remaster,319,Ready to Die (The Remaster),1994,
The Notorious B.I.G.,Juicy - 2005 Remaster,302,Ready to Die (The Remaster),1994,
The Notorious B.I.G.,Hypnotize - 2014 Remaster,229,Life After Death (2014 Remastered Edition),1997,
The Notorious B.I.G.,Notorious Thugs - 2014 Remaster,366,Life After Death (2014 Remastered Edition),1997,
The Notorious B.I.G.,I Got a Story to Tell - 2014 Remaster,283,Life After Death (2014 Remastered Edition),1997,
The Notorious B.I.G.,Going Back to Cali - 2014 Remaster,307,Life After Death (2014 Remastered Edition),1997,
The Notorious B.I.G.,Gimme the Loot - 2005 Remaster,285,Ready to Die (The Remaster),1994,
The Notorious B.I.G.; Mase; Diddy,Mo Money Mo Problems (feat. Puff Daddy y Mase) - 2014 Remaster,257,Life After Death (2014 Remastered Edition),1997,
The Notorious B.I.G.,One More Chance - 2005 Remaster,283,Ready to Die (The Remaster),1994,
The Notorious B.I.G.; 112,Sky's the Limit (feat. 112) - 2014 Remaster,329,Life After Death (2014 Remastered Edition),1997,
The Notorious B.I.G.,Warning - 2007 Remaster,219,Greatest Hits,2007,
Matoma; The Notorious B.I.G.; Ja Rule; Ralph Tresvant,Old Thing Back (feat. Ja Rule and Ralph Tresvant),321,Old Thing Back (feat. Ja Rule and Ralph Tresvant),2015,
Junior M.A.F.I.A.,Get Money,274,Conspiracy (PA),1995,
2Pac,All Eyez On Me,307,All Eyez On Me,1996,
2Pac; Outlawz,Breathin,244,Until The End Of Time,2001,
Scarface; Johnny P; 2Pac,Smile,300,Greatest Hits,2010,
Makaveli,Hail Mary,309,The Don Killuminati: The 7 Day Theory,1996,
2Pac,California Love,347,2Gangsta 2Die,2019,
2Pac,Ambitionz Az A Ridah,278,All Eyez On Me,1996,
2Pac,Dear Mama,280,Me Against The World,1995,
2Pac; Talent,Changes,268,The Best of 2Pac,2007,
2Pac,Only God Can Judge Me,296,All Eyez On Me,1996,
2Pac,Can't C Me,330,All Eyez On Me,1996,
2Pac; Outlawz,Hit 'Em Up - Single Version,312,Greatest Hits,1998,
The Game; 50 Cent,Hate It Or Love It,206,The Documentary,2005,
The Game; 50 Cent,How We Do,235,The Documentary,2005,
G-Unit,Poppin' Them Thangs,240,Beg For Mercy,2003,
BG Knoccout y Gangsta Dresta,D.P.G. Killa,234,True 2 the Streets: G-Funk Hood Classics,2000,
50 Cent,Window Shopper,192,Window Shopper,2005,
50 Cent,Just A Lil Bit,237,The Massacre,2005,
50 Cent; Olivia,Candy Shop,209,The Massacre,2005,
50 Cent,P.I.M.P.,249,Get Rich Or Die Tryin',2003,
50 Cent,In Da Club,193,Get Rich Or Die Tryin',2003,
50 Cent; Nate Dogg,21 Questions,224,Get Rich Or Die Tryin',2003,
50 Cent; Da Angels,My Baby,196,Rare,2003,
50 Cent,Best Friend,251,Get Rich Or Die Tryin'- The Original Motion Picture Soundtrack,2005,
50 Cent,Pilot,200,Animal Ambition: An Untamed Desire To Win,2014,
50 Cent,Many Men (Wish Death),256,Get Rich Or Die Tryin',2003,
50 Cent; Young Buck,I'll Whip Ya Head Boy,235,Window Shopper,2005,
50 Cent,What Up Gangsta,179,Get Rich Or Die Tryin',2003,
50 Cent,When It Rains It Pours,242,Get Rich Or Die Tryin'- The Original Motion Picture Soundtrack,2005,
Coolio; L.V.,Gangsta's Paradise,240,Gangsta's Paradise,1995,
Snoop Dogg; Jewell; Dr. Dre,Just Dippin',243,The Best Of Snoop Dogg,2005,
Snoop Dogg,Who Am I (What's My Name)?,246,Doggystyle,1993,
Snoop Dogg; Daz Dillinger,Gin And Juice (feat. Dat Nigga Daz),211,Doggystyle,1993,
Snoop Dogg; B-Real,Vato,284,Tha Blue Carpet Treatment,2006,
Mobb Deep; Lil' Mo,Pray For Me (feat. Lil Mo),200,Infamy,2001,
DMX,Where The Hood At,286,Grand Champ,2003,
DMX,X Gon' Give It To Ya,217,The Definition Of X: Pick Of The Litter,2007,
Cypress Hill; Barron Ricks,Tequila Sunrise,257,The Essential Cypress Hill,2014,
Cypress Hill,Hits from the Bong,161,The Essential Cypress Hill,2014,
Cypress Hill,Insane in the Brain,208,Black Sunday,1993,
Cypress Hill,Lowrider,276,The Essential Cypress Hill,2014,
Cypress Hill,How I Could Just Kill a Man,248,The Essential Cypress Hill,2014,
Westside Connection,Gangsta Nation,293,Terrorist Threats,2003,
Westside Connection,Bow Down,206,Bow Down,1996,
N.W.A.,Gangsta Gangsta,336,Straight Outta Compton,1988,
N.W.A.,Fuck Tha Police,345,Straight Outta Compton,1988,
N.W.A.,Chin Check,221,The Best Of N.W.A: The Strength Of Street Knowledge,2006,
N.W.A.,Appetite For Destruction,188,The Best Of N.W.A: The Strength Of Street Knowledge,2006,
N.W.A.,Alwayz Into Somethin',264,Efil4zaggin,1991,
N.W.A.,Straight Outta Compton,258,Straight Outta Compton,1988,
N.W.A.,Express Yourself - Remix,261,N.W.A. Greatest Hits,1996,
Mack 10; Tha Dogg Pound,Nothin' But The Cavi Hit,241,Best Of Mack 10,2007,
Wu-Tang Clan; Method Man; Raekwon; Inspectah Deck; Buddha Monk,"C.R.E.A.M. (Cash Rules Everything Around Me) (feat. Method Man, Raekwon, Inspectah Deck y Buddha Monk)",252,Enter The Wu-Tang (36 Chambers) [Expanded Edition],1993,
Wu-Tang Clan; Ol' Dirty Bastard; Inspectah Deck; Method Man; Cappadonna; U-God; RZA; GZA; Masta Killa; Ghostface Killah; Raekwon,"Triumph (feat. Ol' Dirty Bastard, Inspectah Deck, Method Man, Cappadonna, U-God, RZA, GZA, Masta Killa, Ghostface Killah y Raekwon)",338,Wu-Tang Forever,1997,
Wu-Tang Clan; RZA; Inspectah Deck; Method Man,"Wu-Tang Clan Ain't Nuthing ta F' Wit (feat. RZA, Inspectah Deck y Method Man)",216,Enter The Wu-Tang (36 Chambers) [Expanded Edition],1993,
DJ Quik,Dollaz + Sense,352,Safe + Sound,1995,
Kausion; Ice Cube,What You Wanna Do?,250,South Central Los Skanless,1995,
Tha Dogg Pound; Dr. Dre,What Would U Do?,252,Natural Born Killers,1994,
Compton's Most Wanted,Hood Took Me Under,219,Music To Driveby,1992,
Warren G; Nate Dogg; The Game,Party We Will Throw Now!,209,Party We Will Throw Now! - Single,2012,
Warren G; Nate Dogg,Regulate,248,Regulate… G Funk Era,1994,
Warren G; O.G.L.B.,This D.J.,203,Regulate… G Funk Era,1994,
Fat Joe,Deep Cover,145,This Is East Coast Hip Hop,2007,
Compton's Most Wanted,Streiht Up Menace,274,When We Wuz Bangin,2001,
M.O.P.; Busta Rhymes; Teflon; Remi Martin,"Ante Up (feat. Busta Rhymes, Teflon y Remi Martin) - Remix",247,Warriorz,2000,
D12,My Band,298,D-12 World,2004,
D12,How Come,249,D-12 World,2004,
Mobb Deep,"Shook Ones, Pt. II",325,The Infamous,1995,
Ludacris,Act A Fool,270,2 Fast 2 Furious (Soundtrack),2003,
Akon; Eminem,Smack That,212,Konvicted,2006,
Flo Rida; T-Pain,Low (feat. T-Pain),231,Mail on Sunday,2008,
Mobb Deep,Drop A Gem On 'Em,257,Hell On Earth,1996,
Compton's Most Wanted,Late Night Hype,294,It's A Compton Thang!,1990,
Compton's Most Wanted,Growin' Up In the Hood,251,Straight Checkn 'Em,1991,
Bone Thugs-N-Harmony,1st of Tha Month,314,E. 1999 Eternal,1995,
Spice 1; MC Eiht,The Murda Show (with MC Eiht),267,187 He Wrote,1993,
Nas,N.Y. State of Mind,293,Illmatic XX,2014,
Nas; Ms. Lauryn Hill,If I Ruled the World (Imagine That) (feat. Lauryn Hill),282,It Was Written,1996,
Nas,The World Is Yours,290,Illmatic XX,2014,
Nas,The Message,234,It Was Written,1996,
Fat Joe; Remy Ma; French Montana; InfaRed,All The Way Up (feat. Infared),191,Plata O Plomo,2017,
Big Pun; Fat Joe,Twinz (feat. Fat Joe),228,Capital Punishment (Explicit Version),1998,
Big Pun; Joe,Still Not a Player (feat. Joe) - Radio Version,236,Capital Punishment (Explicit Version),1998,
Geto Boys,Mind Playing Tricks on Me,308,We Can't Be Stopped,1991,
King Tee; Ice Cube; Mc Breeze,Played Like a Piano,286,"""Strait From Compton"" King Ts Greatest Hits",2015,
Limp Bizkit; Method Man,N 2 Gether Now,289,Significant Other,1999,
Too $hort,So You Want to Be a Gangster,244,Shorty The Pimp,1992,
Big L,Put It On,217,Lifestylez Ov Da Poor & Dangerous,1995,
Big L; Fat Joe,The Enemy (feat. Fat Joe),168,The Big Picture,2016,
E-40; The Click; D-Shot; B-Legit; Suga T,"Captain Save a Hoe (feat. The Click, D-Shot, B-Legit y Suga T)",287,The Mail Man,1993,
KRS-One,Sound of da Police,258,Return of the Boom Bap,1993,
Eminem,Without Me,290,The Eminem Show,2002,
Eminem,Lose Yourself,326,Curtain Call: The Hits (Deluxe Edition),2005,
DJ Fluke; Jaki Nelson,Seven Nation Army,156,Seven Nation Army,2021,
Imanbek; BYOR,Belly Dancer,151,Belly Dancer,2022,
Naeleck; Haley Reinhart; BYOR,Creep - BYOR Remix,156,Creep (BYOR Remix),2022,
Tiësto; Tate McRae,10:35,172,10:35,2022,
Timmy Trumpet; R3HAB; Naeleck,Dom Dom Yes Yes,125,Dom Dom Yes Yes,2023,
Tiësto; Ava Max,The Motto,164,The Motto,2021,
David Guetta; Bebe Rexha,I'm Good (Blue),175,I'm Good (Blue),2022,
ACRAZE; Cherish,Do It To It,157,Do It To It,2021,
Naeleck; Jenil; Heon Seo,Stay,171,Stay,2021,
Chris Burke,Can't Get You Out Of My Head,153,Can't Get You Out Of My Head,2023,
AURAE,Alive,160,Alive,2023,
Tiësto,Lay Low,153,Lay Low,2023,
Blasterjaxx; Prezioso; GRY,Coconut,157,Coconut,2023,
Flakkë; Sammy Boyle; JKLN,Good 4 Me,156,Good 4 Me,2023,
ConKi; Zummer; MAZEMIRROR,90s Better,139,90s Better,2023,
Marnik; Sirona; Heyder,Artificial Intelligence,149,Artificial Intelligence,2023,
David Guetta; Anne-Marie; Coi Leray,Baby Don't Hurt Me,140,Baby Don't Hurt Me,2023,
Naeleck; Sarah Rebecca; Curbi,All My Heroes - Curbi Remix,182,All My Heroes (Curbi Remix),2022,
VINAI; Hard Lights; AFROJACK,Up All Night (feat. Afrojack),160,Up All Night (feat. Afrojack),2020,
MKJ; Chris Burke; Sugar Jesus; Felix Samuel,Broken Up (with Felix Samuel),166,Broken Up (with Felix Samuel),2023,
Julian Cross; AFROJACK,All I Need,171,All I Need,2023,
HÄWK; Guglielmo Nasini; Jack Light,GTA,139,GTA,2022,
Pink Panda; Jeffrey Sutorius,With A Kiss - Radio Edit,149,With A Kiss,2023,
Bombs Away,Snakecharmer,132,Snakecharmer,2023,
Sam Collins; Kenty Clide,La Revolution,190,La Revolution,2023,
Calvin Harris; Ellie Goulding,Miracle (with Ellie Goulding),186,Miracle (with Ellie Goulding),2023,
MahyaaR,Rattle Shake,151,Rattle Shake,2023,
Thierry Von Der Warth; Jay Mason; Edwardo Atlas,Chasing Time,151,Chasing Time,2023,
Lucky Luke,Used To Be,147,Used To Be,2023,
Cartoon; Bedwetters,I'm Not Alright,211,I'm Not Alright,2022,
Bombs Away; Reigan,Running Up That Hill,164,Running Up That Hill,2022,
Gabry Ponte; LUM!X; Prezioso,Thunder,160,Thunder,2021,
Kygo; DNCE,Dancing Feet (feat. DNCE),215,Dancing Feet (feat. DNCE),2022,
Mangoo; EUROBEAT; Rumor,Dancing Alone,172,Dancing Alone,2023,
TIM PLVNK,Coulda Woulda,153,Coulda Woulda,2023,
Bombs Away; Karra,I'm Awake,179,I'm Awake,2022,
Stafford Brothers; Kris Kiss,Detonate,152,Detonate,2023,
Niteblue; Ella Elias,Sugar,132,Sugar,2023,
EchoStorms,Creator,168,Creator,2023,
ANTHEM; Qaden James,My Heart,199,My Heart,2023,
B Jones; Rudeejay; Robbie Rosen,Face Your Fears,188,Face Your Fears,2023,
EMAD; AFROJACK,Off The Wall,212,Off The Wall,2023,
The FifthGuys; Invisible; The Late Night Project,Sweet Child O' Mine,163,Sweet Child O' Mine,2022,
Gabry Ponte; R3HAB; Timmy Trumpet,Call Me (with R3HAB y Timmy Trumpet),178,Call Me (with R3HAB & Timmy Trumpet),2022,
CHENDA; Britt,One Of A Kind,208,One Of A Kind,2022,
Charles B; Milan Tavares; Dread MC,Buss It Down,133,Buss It Down,2022,
Kløn,Without You,163,Without You,2023,
Vluarr; DJ Siar,Higher - DJ Siar Remix,175,Higher (Remixes),2023,
Plastik Funk; Broz Rodriguez; Tara Mcdonald,Sugar Baby,159,Sugar Baby,2022,
The FifthGuys; MØRFI; ladycryface,Already Dead,146,Already Dead,2022,
Moonface,Child Of God,184,Child Of God,2023,
Elport; R-Cue,Another Night,192,Another Night,2022,
Kage,Right Here,232,Right Here,2022,
Pokeyz,Deadshot,218,Deadshot,2023,
Kayote; Goldistic,All I Ever Wanted,140,All I Ever Wanted,2022,
Harddope; Mingue; Maxim Schunk,Counting Stars,122,Counting Stars,2023,
WOLFHOWL,All My Nights,195,All My Nights,2022,
Naeleck; Oddity,"Disease - KATFYR ""Tokyo Bound"" Remix",288,Disease,2013,
Omar Andino,Used To Be,212,Used To Be,2023,
3LAU; Ninja,Game Time (feat. Ninja),156,Game Time (feat. Ninja),2018,
Naeleck; Oddity; Wasiu,Dark is All I See,258,Dark is All I See,2021,
CHENDA; RYVN; Raddix,Letting Go,182,Letting Go,2022,
SCNDL,Ruckus,145,Ruckus,2022,
MahyaaR,Fever,174,Fever,2022,
The Late Night Project; WCKiD; Aeria,Believe,211,Believe,2022,
The FifthGuys; Rich Fayden; Sofia Ford,Castle,174,Castle,2023,
Nitro Fun; Ramlode; 2ka,Bass Like (feat. Ramlode y 2ka),155,Bass Like (feat. Ramlode & 2ka),2023,
Naeleck; Haley Reinhart,Creep,203,Creep,2022,
KOWZ,ORIGINS,183,ORIGINS,2022,
MEDUZA; Alok; Goodboys,Piece Of Your Heart - Alok Remix,166,Piece Of Your Heart (Alok Remix),2019,
Alok; Zeeba; Bruno Martini,Hear Me Now,194,Hear Me Now (feat. Zeeba),2016,
CryJaxx; The FifthGuys; Justtjokay,Drop It Like It's Hot,203,Drop It Like It's Hot,2022,
Alok; Sevenn,The Wall,159,The Wall,2019,
Kungs,Clap Your Hands,189,Clap Your Hands,2022,
Shouse; David Guetta,Love Tonight (David Guetta Remix Edit),158,Love Tonight (David Guetta Remix),2021,
Tiësto,WOW,148,WOW,2018,
Naeleck; Hige Driver,Final Boss,214,Final Boss,2021,
Valy Mo; BYOR,Away - BYOR Remix,156,Away (BYOR Remix),2022,
The FifthGuys; NBLM,Do Re Mi,133,Do Re Mi,2021,
CMC$; NUZB; Felix Samuel,Sin City,205,Sin City,2023,
Ilkay Sencan; Dynoro,Rockstar,212,Rockstar,2019,
Pokeyz; Yyvng,Borderouge,121,Borderouge,2023,
Bok Nero,Trunk,122,Trunk,2023,
Florian Picasso,Shiretsu,192,Shiretsu,2023,
Naeleck,Threnody (Bombs Away Remix),247,Threnody,2016,
Tiësto,The Business,164,The Business,2020,
Cartoon; Asena,No Halo,144,No Halo,2022,
Naeleck; Hige Driver; MahyaaR,Virtual Gaming - MahyaaR Remix,237,Virtual Gaming Remixes,2021,
Milan Tavares; Charles B; Bryonii,Destiny,146,Destiny,2022,
Vowed; B4N4N4 G4NG,Feeling Inside,157,Feeling Inside,2023,
LUM!X; Gabry Ponte,Monster,154,Monster,2019,
Zafrir; AFROJACK,Boom Boom Pow,185,Boom Boom Pow,2021,
Naeleck; Hige Driver; Tokyo Machine,Virtual Gaming - Tokyo Machine Remix,215,Virtual Gaming (Tokyo Machine Remix),2021,
Cyberpunkers,Parhelion,217,Parhelion,2023,
Cyberpunkers,12th Afterhour,246,12th Afterhour,2023,
Kozah,Think Of Dreams,196,Think Of Dreams,2021,
Blanke; REAPER,Death Rattle,210,Gaming Music 2020,2020,
Pokeyz,On The Ground,144,On The Ground,2022,
Salvo; AARMO,No Return,126,No Return,2022,
Rawdolff,Anna,162,Anna,2023,
CHYL,Eclipse,211,Eclipse,2023,
DJ Fluke,Without You,174,Without You,2021,
Mephi; Asjockers; Seann Bowe,Doo Doo,237,Gaming Music 2020,2020,
Jacob Tillberg; RudeLies,Flowers - RudeLies Remix,175,Flowers (RudeLies Remix),2019,
Naeleck; Ferd; n3; Dodge y Fuski,Take A Sip - Dodge y Fuski Remix,173,Gaming Music 2020,2020,
Mephi; Fellsius,Kenja Taimu,245,Kenja Taimu,2020,
Achilles; Andrew A,Break The Rules,143,Break The Rules,2022,
Naeleck; Teo Moss,Violence - Teo Moss Remix,281,Halloween Weapons,2018,
metr,On Fire,159,On Fire,2020,
R3HAB; INNA; Sash!,Rock My Body,137,Rock My Body (with INNA & Sash!),2023,
Naeleck; Hige Driver; Urbanstep,Virtual Gaming - Urbanstep Remix,153,Virtual Gaming Remixes,2021,
Markolps,Samurai,184,Samurai,2023,
Fukkk Offf; Naeleck; KATFYR,Bang Your Head - Naeleck y KATFYR Remix,180,Bang Your Head,2018,
Naeleck; Hige Driver; Silvery,Virtual Gaming - Silvery Remix,231,Virtual Gaming Remixes,2021,
Rawdolff,La Locura,160,La Locura,2023,
Spektrum,Reboot,229,Reboot,2022,
CASHEW,Baby Baby,212,Baby Baby,2021,
Matt Mirter,Fire!,165,Fire!,2023,
Bombs Away; Reigan,Loaded Gun,211,Loaded Gun,2023,
Knife Party,Bonfire,272,Rage Valley,2012,
Florian Picasso,Safari,148,Safari,2023,
CHENDA,Smooth Criminal,184,Smooth Criminal,2021,
amazarashi; Naeleck,境界線 (Naeleck Remix) - SACRA BEATS Singles,203,境界線 (Naeleck Remix) - SACRA BEATS Singles,2022,
Dubscribe,Get Wicked,179,Absolute,2020,
Menso; Loadjaxx,Be Right Back,171,Be Right Back,2021,
Jenil; Friendz By Chance,Bling,144,Bling,2021,
Leverage,I Don't Want to Miss a Thing,194,I Don't Want to Miss a Thing,2023,
Lodgerz,Coming Back,129,Coming Back,2022,
PHARAØH,Lucid Dreams,138,Lucid Dreams,2022,
Dish Dash,Disko Luv,205,Disko Luv,2023,
The FifthGuys; WCKiD; Salvo; Tommy Rage,Arcade,195,Arcade,2021,
Hooders; Futura,Secret,159,Secret,2021,
Bombs Away,Spooky Scary Skeletons,140,Spooky Scary Skeletons,2022,
Cheery-O,Feels Like,232,Brussels Mule,2021,
NEZZY,I Should Say Goodbye,173,I Should Say Goodbye,2022,
Fukkk Offf; Cult Classique,Fork Fiesta,333,Gaming Music 2020,2020,
Netto; Alexso; Castelani,Guapo,147,Guapo,2023,
Hartness; Miss Ghyss,Goosebumps,173,Goosebumps,2022,
RED SHORTS BOY,Bass Chameleon,185,Bass Chameleon,2022,
Achilles,Reaching for the Moon,184,Reaching for the Moon,2022,
GOM3Z,Wild And Free,156,Wild And Free,2023,
Valy Mo; Alfred Beck,On a Cloud,165,On a Cloud,2023,
The FifthGuys; Mandrazo; Veronica Bravo; M.I.M.E,Broken,161,Broken,2021,
Fukkk Offf,Pacific Coast Highway,204,Gaming Music 2020,2020,
SPATE,Racing Mode,216,Racing Mode,2023,
Dubscribe,Right Riot VIP,132,Space Cat,2021,
Elton John; Dua Lipa; PNAU,Cold Heart - PNAU Remix,202,Cold Heart (PNAU Remix),2021,
Cö Shu Nie; Naeleck,SAKURA BURST (Naeleck Remix) - SACRA BEATS Singles,247,SAKURA BURST (Naeleck Remix) - SACRA BEATS Singles,2022,
Naeleck; Hige Driver,Virtual Gaming,228,Gaming Music 2020,2020,
Mad Miguel; Uplink,Radiate - Radio Mix,172,Radiate,2022,
Vintage Culture; Fancy Inc,In The Dark,207,In The Dark,2019,
Valy Mo,Away,150,Away,2022,
SOXX; Steji,Want Your Attention,150,Want Your Attention,2022,
Cyberpunkers,Go Ahead,198,Go Ahead,2020,
Cabuizee; Diana Inez,Above The Water,182,Broken Puzzle,2022,
Heavygrinder; KATFYR; Ögenix,Cult,211,Cult,2023,
Dntless; Théo,YOU,184,YOU,2022,
Eddie Craig; Abi Flynn,Close To You,169,Close To You,2023,
Naeleck; Wasiu; MahyaaR; Oddity,Dark is All I See - MahyaaR Remix,168,Dark is All I See (MahyaaR Remix),2022,
Tony Junior; BEAUZ,Rave Machine,165,Rave Machine,2023,
Kløn; Becko,In Bloom,151,In Bloom,2023,
Vicetone; Tony Igy,Astronomia,198,Astronomia,2016,
RED SHORTS BOY,Beach Monsta,177,Beach Monsta,2022,
Valy Mo; HouseWerk,Your Time,139,Your Time,2022,
Naeleck; Oddity,Danse Macabre - Macrowave Remix,254,Danse Macabre,2015,
Naeleck; Hige Driver; Modestep,Final Boss - Modestep Remix,194,Final Boss (Modestep Remix),2022,
BLOND:ISH; Madonna; Eran Hersh; Darmon,Sorry (with Madonna),161,Sorry (with Madonna),2023,
D-Sides; Erick T,Like That,159,Like That,2022,
TheFatRat; Slaydit; Anjulie,Stronger,205,Stronger,2019,
PHARAØH; EQRIC; Clayton Jones,Hall Of Fame,177,Hall Of Fame,2022,
Tomsky; D.O.N,No More,156,No More,2023,
The FifthGuys; Invisible; The Late Night Project,Enemy,112,Enemy,2022,
Steve Medea,Try Again,180,Keep Going,2023,
Achilles; DEADLINE; Jordan Grace,Heaven,174,Heaven,2023,
Florian Picasso,Ay Papi,187,Ay Papi,2023,
Purple Disco Machine; Kungs,Substitution,181,Substitution,2023,
Rammstein,Mein Land,233,Made In Germany 1995 - 2011 (Special Edition),2011,
Iron Maiden,The Trooper - 2015 Remaster,252,Piece of Mind (2015 Remaster),1983,
System Of A Down,Genocidal Humanoidz,155,Protect The Land / Genocidal Humanoidz,2020,
Warcry,La Vida en un Beso,264,Revolución,2008,
Rata Blanca,Talismán,315,El Reino Olvidado,2008,
Stratovarius,Black Diamond,340,Visions,1997,
Saratoga,Contigo Sin Ti,249,Tierra de Lobos,2005,
Ángeles Del Infierno,Jugando al amor,229,Lo Mejor De Los Ángeles Del Infierno,1987,
Leo Jiménez,Hijo de la Luna,292,Con Stravaganzza,2015,
Rammstein,Te quiero puta!,235,Rosenrot,2005,
Megadeth,Tornado Of Souls - 2004 Remix,319,Rust In Peace (2004 Remix / Expanded Edition),1990,
Warcry,Devorando el Corazón,263,Revolución,2008,
Judas Priest,The Hellion,39,Screaming For Vengeance (Expanded Edition),1982,
Mägo de Oz,Xanandra,263,"Hechizos, pócimas y brujería",2012,
Metallica,All Nightmare Long,477,Death Magnetic,2008,
Megadeth,Holy Wars...The Punishment Due - 2004 Remix,392,Rust In Peace (2004 Remix / Expanded Edition),1990,
Rata Blanca,Noches Sin Sueño,370,Guerrero Del Arco Iris,1991,
Warcry,Perdido,322,Dónde Está la Luz,2005,
Slipknot,The Devil in I,342,.5: The Gray Chapter (Special Edition),2014,
Ángeles Del Infierno,Si tú no estás aquí,267,Lo Mejor De Los Ángeles Del Infierno,1987,
System Of A Down,Toxicity,218,Toxicity,2001,
Tierra Santa,La Leyenda Del Holandés Errante,223,Caminos De Fuego,2010,
Rata Blanca,El Círculo De Fuego,297,El Reino Olvidado,2008,
Mägo de Oz,Haste Que El Cuerpo Aguante,272,Finisterra,2000,
Helloween,I Want Out,280,"Keeper of the Seven Keys, Pt. II (Expanded Edition)",1988,
Warcry,Quiero Oírte,312,Inmortal,2013,
Slipknot,Killpop,225,.5: The Gray Chapter (Special Edition),2014,
Tierra Santa,El Caballo De Troya,209,Tierras de Leyenda,2003,
Rata Blanca,Volviendo a casa,329,El Camino del Fuego,2002,
Metallica,Master Of Puppets,515,Master Of Puppets (Remastered),1986,
Warcry,Huelo el Miedo,309,Inmortal,2013,
Mägo de Oz,El Cantar de la Luna Oscura,322,Jesús de Chamberí,1996,
Iron Maiden,Be Quick or Be Dead - 2015 Remaster,203,Fear of the Dark (2015 Remaster),1992,
Saratoga,No Sufrire Jamas por Ti,225,Secretos y Revelaciones,2009,
System Of A Down,B.Y.O.B.,255,Mezmerize,2005,
Accept,Teutonic Terror,313,Blood of the Nations,2010,
Slipknot,Sulfur,277,All Hope Is Gone (10th Anniversary),2008,
Warcry,Contra el Viento,271,Dónde Está la Luz,2005,
Tierra Santa,La Cancion Del Pirata I,228,Tierras de Leyenda,2003,
Megadeth,She-Wolf - Remastered 2004 / Remixed,217,Cryptic Writings (Expanded Edition - Remastered),1997,
Iron Maiden,Gangland - 2015 Remaster,229,The Number of the Beast (2015 Remaster),1982,
Ghost,Year Zero,350,Infestissumam (Deluxe Version),2013,
Avenged Sevenfold,Coming Home,385,Hail to the King,2013,
Warcry,El Más Triste Adiós,331,La Quinta Esencia,2006,
Slayer,You Against You,260,Repentless,2015,
Pantera,Domination,305,Cowboys from Hell,1990,
Ángeles Del Infierno,Al otro lado del silencio,268,Lo Mejor De Los Ángeles Del Infierno,1987,
Megadeth,Sudden Death,309,Th1rt3en,2011,
Killswitch Engage,This Fire,189,As Daylight Dies (Special Edition),2006,
Avenged Sevenfold,Crimson Day,297,Hail to the King,2013,
Creeds,Push Up - Original Mix,240,Push Up EP,2022,
Mau P,Drugs From Amsterdam,235,Drugs From Amsterdam,2022,
Tom Santa,Bad For Me,177,Bad For Me,2023,
Calvin Harris; Ellie Goulding; Mau P,Miracle (with Ellie Goulding) - Mau P Remix,217,Miracle (with Ellie Goulding) [Mau P Remix],2023,
KULI,Just Make Me Yours,142,Just Make Me Yours,2023,
James Hype,Lose Control,173,Lose Control,2023,
Jengi,Bel Mercy,169,Bel Mercy,2022,
Mau P,Gimme That Bounce,217,Gimme That Bounce,2023,
Basstrologe,Somebody To Love,136,Somebody To Love,2021,
Andrea Crocicchia,Your Moves,127,Your Moves,2023,
Fred again..; Skrillex; Four Tet,Baby again..,319,Baby again..,2023,
Odd Mob,XTC,184,XTC,2023,
MK; Dom Dolla,Rhyme Dust,181,Rhyme Dust,2023,
ACRAZE,Take Me Away,179,Take Me Away,2023,
Axel North,Too Loud,184,Too Loud,2023,
Noizu; Westend; No/Me,Push To Start (feat. No/Me),181,Push To Start (feat. No/Me),2023,
Solardo; Eli Brown,XTC,156,XTC,2019,
Ship Wrek,Mamacita,162,NO GUEST LIST,2023,
Mau P,Your Mind Is Dirty,198,Your Mind Is Dirty,2023,
L2O,Sun Tribe,183,Sun Tribe,2023,
Dom Dolla; Clementine Douglas,Miracle Maker,188,Miracle Maker,2022,
D.O.D,Set Me Free,180,Set Me Free,2023,
Eli Brown,Rudeboi,181,Rudeboi,2022,
Chris Lorenzo; COBRAH,MAMI,247,MAMI,2022,
Le Boeuf; Marco Nobel; Wingy; Turtleneck (UK),Day 'N' Nite - Turtleneck (UK) Remix,123,Day 'N' Nite [Turtleneck (UK) Remix],2022,
Wuki; Lee Foss; Cheryl Lynn,To Be Real,203,To Be Real,2023,
Hannah Laing,Be The One,166,Be The One,2023,
Wax Motif; Riordan,La Samba,163,La Samba,2023,
Oomloud; Robin Aristo,In The House,139,In The House,2023,
Will Clarke,Rock With Me,205,Rock With Me,2021,
MÆDM,Khoisan,172,Khoisan,2023,
Anti Up,Chromatic,202,Chromatic,2022,
J. Worra; Shift K3Y,All The Girls,197,All The Girls,2023,
Matroda; Dino DZ,Saturday Love,141,Saturday Love,2023,
Wax Motif,Telugu Tech,201,Telugu Tech,2023,
Thomas Labermair; RN7,Kalypso,412,Echoes From The Sea,2023,
Biscits,House All The Time,164,House All The Time,2023,
Westend,Get This Party Started,160,Get This Party Started,2021,
Love Regenerator; Calvin Harris,Peace Love Happiness [edit],205,Love Regenerator 3,2020,
Mike Redfields,Vizion,356,Vizion,2023,
James Hype,Crank,178,Crank,2022,
Oomloud,Music For Your Mind,175,Music For Your Mind,2022,
Matt Sassari; CHRSTPHR,Boom Boom (feat. CHRSTPHR),178,Boom Boom (feat. CHRSTPHR),2022,
HÄWK; The Shooters,We Make It Pop,136,We Make It Pop,2022,
Enrico Sangiuliano; Charlotte de Witte,Reflection,406,Reflection EP,2023,
Kyle Watson,The Reason,204,The Reason,2022,
Sonny Fodera; Gorgon City; Danny Howard; Stevie Appleton,Remember (feat. Stevie Appleton),199,Remember,2022,
SIDEPIECE,Sextacy,153,Sextacy,2022,
Dombresky; Noizu,Save Our Souls,183,Save Our Souls,2022,
Walker y Royce; Nala,Not About You,177,Not About You,2022,
Wax Motif; Matroda,La Candela Viva,180,La Candela Viva,2022,
Malaa,How it is,181,How it is,2022,
Odd Mob,LEFT TO RIGHT,146,LEFT TO RIGHT,2022,
Chris Lake; Cloonee,Nightmares,165,Nightmares,2022,
FISHER; MERYLL,Yeah The Girls,194,Yeah The Girls,2022,
San Pacho,Trompeta,188,Trompeta,2022,
James Hype,Dancing,240,Dancing,2021,
L.I.T,Beat Won't Stop,180,Beat Won't Stop,2021,
Gorgon City,Rumblah,242,Rumblah,2023,
Love Regenerator; Eli Brown; Calvin Harris,Moving [edit],193,Moving,2020,
Fourword,Snake Charmer,217,Snake Charmer,2021,
Storm; Fergie,Time to Burn - Fergie Remix,196,Time to Burn (Remixes),2022,
MYLØ; Zafra Negra,Sufriendo - Extended Mix,255,Sufriendo,2021,
Disfreq,Essa Mina,370,Essa Mina,2022,
FISHER,Losing It,248,Losing It,2018,
KC Lights,SOL,186,SOL,2019,
San Pacho,Amor,155,Amor,2022,
SQWAD,Mucho Tiempo,261,REAL SHIT,2021,
Sofi Tukker; Vintage Culture; John Summit,Drinkee - Vintage Culture y John Summit Remix,205,Drinkee (Vintage Culture & John Summit Remix),2021,
FISHER; Shermanology,It's A Killa,200,It's A Killa,2022,
D.O.D,Two Caps,183,Two Caps,2022,
Saison,Drop It,192,Drop It,2022,
Cloonee,Badman Sound,176,Badman Sound,2023,
Fred again..; Swedish House Mafia; Future,Turn On The Lights again.. (feat. Future),267,Turn On The Lights again.. (feat. Future),2022,
Eli Brown,NRG,187,NRG,2020,
Tom Enzy,Something,181,Something / Machine,2022,
Bob Sinclar; A-Trak,Deep Inside Of Me,181,Deep Inside Of Me,2022,
Noizu; Eli Brown,Inside My Head,227,Inside My Head,2019,
Stephen Kirkwood; Hannah Laing,Don't Wanna Go,180,Don't Wanna Go,2022,
Truth x Lies; Zookëper; SODIUM,Numb,200,Numb,2022,
James Hype; Miggy Dela Rosa,Ferrari,186,Ferrari,2022,
Low Steppa,Sunshine,168,Boiling Point,2020,
Nic Fanciulli,Over,194,Over,2022,
ACRAZE; Cherish,Do It To It,157,Do It To It,2021,
Tony Romera,Pitch Thing,217,Pitch Thing,2023,
Julio Navas; Gustavo Bravetti; David Amo; Tony Romera,Raw - Tony Romera Remix,217,Raw (Tony Romera Remix),2022,
Rebūke,The Pipe,339,Jump Ship,2019,
Kyle Walker,Strut,160,Strut,2022,
KEFFI,Toledo,203,Infatuate EP,2022,
Joshwa; JADED; Eliza Legzdina,Kerching,178,Kerching,2022,
Deeper Purpose,Party Diva,192,Party Diva,2022,
Tita Lau,Rock y Roll,152,Rock & Roll,2022,
Matroda; David Herrlich,Feel Alive,183,Feel Alive / Be My Love,2022,
Shiba San,I Wanna,266,I Wanna,2022,
Noizu; AC Slater,Moon Groove - AC Slater Remix,213,Moon Groove (AC Slater Remix),2022,
Marten Hørger; BIJOU,I Know,202,I Know,2022,
Shiba San; Black V Neck; Nautik,Ba Da Bam,215,Ba Da Bam,2022,
Mr. Pig; Andrew Mathers,Potente,160,Potente,2022,
Eli Brown,Can't Stop the Feeling,208,Deep Down,2022,
Joel Corry,Liquor Store,201,Liquor Store,2022,
Maluma,Borro Cassette,207,"Pretty Boy, Dirty Boy",2015,
Maluma; Farruko,¿Dónde Estás? (feat. Farruko),197,"Pretty Boy, Dirty Boy",2015,
Maluma,El Perdedor,206,"Pretty Boy, Dirty Boy",2015,
Maluma,Me Gustas,216,"Pretty Boy, Dirty Boy",2015,
Maluma,Sin Contrato,221,"Pretty Boy, Dirty Boy",2015,
Maluma; Alexis y Fido,Una Aventura (feat. Alexis y Fido),229,"Pretty Boy, Dirty Boy",2015,
Maluma; Leslie Grace,Tengo un Amor (feat. Leslie Grace),227,"Pretty Boy, Dirty Boy",2015,
Maluma; Cosculluela,Pretextos (feat. Cosculluela),228,"Pretty Boy, Dirty Boy",2015,
Maluma,Ya No Es Niña,215,"Pretty Boy, Dirty Boy",2015,
Maluma; El Micha,Solos (feat. El Micha),207,"Pretty Boy, Dirty Boy",2015,
Maluma; Arcángel,Tu Cariño (feat. Arcángel),185,"Pretty Boy, Dirty Boy",2015,
Maluma,Recuérdame,188,"Pretty Boy, Dirty Boy",2015,
Maluma,La Misma Moneda,219,"Pretty Boy, Dirty Boy",2015,
Maluma,Vuelo Hacia el Olvido,210,"Pretty Boy, Dirty Boy",2015,
Maluma,El Tiki,179,"Pretty Boy, Dirty Boy",2015,
Maluma,Carnaval,214,"Pretty Boy, Dirty Boy",2015,
Bruno Mars,Young Girls,228,Unorthodox Jukebox,2012,
Bruno Mars,Locked out of Heaven,233,Unorthodox Jukebox,2012,
Bruno Mars,Gorilla,244,Unorthodox Jukebox,2012,
Bruno Mars,Treasure,178,Unorthodox Jukebox,2012,
Bruno Mars,Moonshine,228,Unorthodox Jukebox,2012,
Bruno Mars,When I Was Your Man,213,Unorthodox Jukebox,2012,
Bruno Mars,Natalie,225,Unorthodox Jukebox,2012,
Bruno Mars,Show Me,207,Unorthodox Jukebox,2012,
Bruno Mars,Money Make Her Smile,203,Unorthodox Jukebox,2012,
Bruno Mars,If I Knew,132,Unorthodox Jukebox,2012,
Yng Lvcas; Peso Pluma,La Bebe - Remix,234,La Bebe (Remix),2023,
Marshmello; Manuel Turizo,El Merengue,189,El Merengue,2023,
Nicky Jam; Feid,69,221,69,2023,
Ñengo Flow; Bad Bunny,Gato de Noche,227,Gato de Noche,2022,
Young Miko; Jowell y Randy,ID,235,ID,2023,
Don Omar; Chencho Corleone,Podemos Repetirlo,211,Podemos Repetirlo,2023,
Bad Bunny,Tití Me Preguntó,243,Un Verano Sin Ti,2022,
KAROL G; Shakira,TQG,197,MAÑANA SERÁ BONITO,2023,
Maria Becerra,Te Cura,150,Te Cura (FAST X Soundtrack),2023,
Don Omar,Dale Don Dale,212,The Last Don,2003,
Daddy Yankee; Omar Courtz,BEACHY,168,BEACHY,2023,
Feid; Young Miko,Classy 101,195,Classy 101,2023,
Bad Bunny,WHERE SHE GOES,231,WHERE SHE GOES,2023,
Bizarrap; Quevedo,"Quevedo: Bzrp Music Sessions, Vol. 52",198,"Quevedo: Bzrp Music Sessions, Vol. 52",2022,
Bad Bunny,Después de la Playa,230,Un Verano Sin Ti,2022,
Eslabon Armado; Peso Pluma,Ella Baila Sola,165,Ella Baila Sola,2023,
Chencho Corleone,Un Cigarrillo,184,Un Cigarrillo,2023,
Mora,DOMINGO DE BOTE,190,PARAÍSO,2022,
ROSALÍA; Rauw Alejandro,BESO,194,RR,2023,
Bad Bunny; Rauw Alejandro,Party,227,Un Verano Sin Ti,2022,
Saiko,Supernova,190,Supernova,2023,
Feid,Feliz Cumpleaños Ferxxo,156,Feliz Cumpleaños Ferxxo,2022,
Daddy Yankee; Nicky Jam,Donde Estan Las Gatas (feat. Nicky Jam),170,Alex Gargolas Greatest Hits,2013,
Myke Towers; J Balvin,CELOS,169,LA VIDA ES UNA,2023,
Manuel Turizo,La Bachata,162,La Bachata,2022,
Chris Palace,TE ENCANTÓ,141,TE ENCANTÓ,2023,
El Alfa; Braulio Fogon,Doggy Doggy,248,Doggy Doggy,2023,
King Savagge; Jere Klein,2 Hielos,194,WorKING,2023,
Jhayco; Quevedo,Mami Chula,220,Mami Chula,2023,
Mora; Jhayco,MEMORIAS,228,MICRODOSIS,2022,
Myke Towers,MI DROGA,163,LA VIDA ES UNA,2023,
Luck Ra; La K'onga; Ke Personajes,Ya No Vuelvas (Versión Cuarteto),204,Ya No Vuelvas (Versión Cuarteto),2022,
Eladio Carrion; Bad Bunny,Coco Chanel,208,3MEN2 KBRN,2023,
Rauw Alejandro; Angel Dior,TAMO EN NOTA,180,TAMO EN NOTA,2023,
Mora,RÁPIDO,182,RÁPIDO,2023,
Don Omar,Guaya Guaya,193,The Last Don II,2015,
Jhayco,Cuerpecito,195,Cuerpecito,2023,
Bad Bunny,Efecto,213,Un Verano Sin Ti,2022,
KAROL G; Justin Quiles; Angel Dior,OJOS FERRARI,180,MAÑANA SERÁ BONITO,2023,
Yandel; Feid,Yandel 150,216,Yandel 150,2022,
"Héctor ""El Father""; Divino",Noche de Travesuras,208,Regaetton Hits,2006,
Arcángel; Bad Bunny,La Jumpa,255,La Jumpa,2022,
Quevedo; Myke Towers,PLAYA DEL INGLÉS,237,PLAYA DEL INGLÉS,2022,
Rochy RD; El Chuky De Lewa,Uva Bombom,136,Uva Bombom,2021,
Bad Bunny,Neverita,173,Un Verano Sin Ti,2022,
Saiko; Came Beats,Polaris,192,1371 KM,2022,
Don Omar,Dile,204,The Last Don,2003,
NATTI NATASHA; Daddy Yankee; Wisin y Yandel,Mayor Que Usted,233,Mayor Que Usted,2022,
KAROL G; Quevedo,PERO TÚ,183,MAÑANA SERÁ BONITO,2023,
Ozuna; Juanka; Brray,La Single,276,La Single,2023,
Ryan Castro,Mujeriego,142,Mujeriego,2021,
Feid,REMIX EXCLUSIVO,206,REMIX EXCLUSIVO,2023,
Daiko Gz; Reyter,Par De Guaros,171,Par De Guaros,2023,
Bizarrap; Shakira,"Shakira: Bzrp Music Sessions, Vol. 53",214,"Shakira: Bzrp Music Sessions, Vol. 53",2023,
Tego Calderón,Pa' Que Retozen,151,El Abayarde,2003,
KAROL G,MERCURIO,160,MAÑANA SERÁ BONITO,2023,
Ozuna; Feid,Hey Mor,196,OzuTochi,2022,
LiL CaKe; Migrantes; Nico Valdi,MERCHO,161,MERCHO,2022,
El Alfa; Noriel; Trueno,LOS APARATOS,232,LOS APARATOS,2022,
KAROL G; Sech,DAÑAMOS LA AMISTAD,174,MAÑANA SERÁ BONITO,2023,
Quevedo,WANDA,160,DONDE QUIERO ESTAR,2023,
Myke Towers,AGUARDIENTE,167,AGUARDIENTE,2023,
Jhayco; Feid; Sech,En La De Ella,230,En La De Ella,2022,
Daddy Yankee,Ella Me Levanto,209,El Cartel: The Big Boss,2007,
Quevedo,YANKEE,194,DONDE QUIERO ESTAR,2023,
Bad Bunny; Chencho Corleone,Me Porto Bonito,178,Un Verano Sin Ti,2022,
Chimbala,Feliz,177,Feliz,2022,
KAROL G,TUS GAFITAS,167,MAÑANA SERÁ BONITO,2023,
ROSALÍA; Rauw Alejandro,VAMPIROS,176,RR,2023,
Justin Quiles; Myke Towers,Whiskey y Coco,186,Whiskey y Coco,2023,
ROSALÍA,DESPECHÁ,157,DESPECHÁ,2022,
Daddy Yankee,"Lo Que Pasó, Pasó",210,Barrio Fino (Bonus Track Version),2004,
Bad Bunny; Tony Dize,La Corriente,198,Un Verano Sin Ti,2022,
Feid; Totoy El Frio,De Tanto Chimbiar,186,De Tanto Chimbiar,2022,
KAROL G,AMARGURA,170,MAÑANA SERÁ BONITO,2023,
Mora; Quevedo,APA,199,PARAÍSO,2022,
Rauw Alejandro; Baby Rasta,PUNTO 40,190,PUNTO 40,2022,
Maria Becerra,ADIÓS,160,LA NENA DE ARGENTINA,2022,
Daddy Yankee,Rompe,189,Candelazos Bailables,2020,
Black Eyed Peas; Anitta; El Alfa,SIMPLY THE BEST,236,SIMPLY THE BEST,2022,
Quevedo,VISTA AL MAR,180,VISTA AL MAR,2022,
Plan B,Fanática Sensual,240,Love And Sex,2014,
Mora,EN LA ORILLA,235,PARAÍSO,2022,
Myke Towers; Arcángel,DON y TEGO,184,LA VIDA ES UNA,2023,
Don Omar,Good Looking,258,Meet The Orphans,2010,
Myke Towers,Luces De Neón,219,Luces De Neón,2022,
Sech,Foto En Panty,174,Ya Casi Vienen,2022,
Guaynaa; Nicky Jam; Farruko; Becky G; Sech,Rebota - Remix,262,Rebota (Remix),2019,
Don Omar; Lucenzo,Danza Kuduro,198,Meet The Orphans,2010,
KAROL G; Maldy,GATÚBELA,209,GATÚBELA,2022,
Mora,CALENTÓN,202,CALENTÓN,2022,
La Insuperable; Farina; Yailin la Mas Viral,Soy Mamá (Remix),209,Soy Mamá (Remix),2022,
Plan B,¿Por Que Te Demoras?,190,House Of Pleasure,2010,
Feid,Lady Mi Amor,147,FELIZ CUMPLEAÑOS FERXXO TE PIRATEAMOS EL ÁLBUM,2022,
Don Omar,Ojitos Chiquitos,229,King Of Kings,2006,
Chris Jedi; Anuel AA; Chencho Corleone; Ñengo Flow,La Llevo Al Cielo (Ft. Ñengo Flow),254,La Llevo Al Cielo (Ft. Ñengo Flow),2022,
Hector y Tito,Felina,216,Candelazos Bailables,2020,
Don Omar; Tego Calderón,Bandoleros,305,The Fast And The Furious: Tokyo Drift (Original Motion Picture Soundtrack),2006,
Omega; Cuban Deejays; Daddy Yankee,Estrellita De Madrugada - Original 2022 Remaster (Ft. Daddy Yankee),213,Estrellita De Madrugada (Ft. Daddy Yankee),2022,
De La Ghetto; Marco Acevedo,Perdiendo El Control,184,Perdiendo El Control,2021,
Rauw Alejandro; Lyanno; Brray,LOKERA,197,LOKERA,2022,
Tego Calderón; Don Omar,Pastillita (feat. Don Omar),238,"El Que Sabe, Sabe",2015,
El Alfa,Helicoptero,137,Helicoptero,2023,
Rochy RD,El Coba,123,El Coba,2022,
Bad Bunny,Si Veo a Tu Mamá,170,YHLQMDLG,2020,
Maluma,Qué Chimba,169,Qué Chimba,2020,
Kiko el Crazy; Ñengo Flow,Chukiteo,161,Chukiteo,2022,
Nicky Jam,Yo no Soy Tu Marido,201,Kilates 2,2003,
KAROL G,PROVENZA,210,PROVENZA,2022,
Cazzu; Mora,De Pari,174,De Pari,2022,
Mora,badtrip,191,MICRODOSIS,2022,
Don Omar; Wisin; Yandel,MySpace (feat. Wisin y Yandel),221,MySpace (feat. Wisin & Yandel),2006,
Ryan Castro,Wasa Wasa,145,Wasa Wasa,2021,
El Alfa; Chael Produciendo,Gogo Dance,173,Sabiduria,2022,
Daddy Yankee,No Es Culpa Mía - Bonus Track,107,Talento de Barrio,2008,
Feid,La Buena Fai,144,FELIZ CUMPLEAÑOS FERXXO TE PIRATEAMOS EL ÁLBUM,2022,
Farruko,Pepas,287,Pepas,2021,
Becky G; KAROL G,MAMIII,226,MAMIII,2022,
Jhayco; Skrillex,En Mi Cuarto,196,Timelezz,2021,
Plan B,Es un Secreto,190,House Of Pleasure,2010,
Axel Rulay; Farruko; El Alfa,Si Es Trucho Es Trucho (feat. Farruko and El Alfa) - Remix,213,Si Es Trucho Es Trucho (feat. Farruko and El Alfa) [Remix],2021,
Ñejo; Luigi 21 Plus; Totoy El Frio,Nunca Me Enchulo,195,Nunca Me Enchulo,2022,
Ñengo Flow,Profecía,205,Profecía,2020,
Feid,Castigo,178,Castigo,2022,
Marco Acevedo; Darell,DOS C,204,Despues De Las 12,2021,
Daddy Yankee; Bad Bunny,X ÚLTIMA VEZ,192,LEGENDADDY,2022,
Mora; Feid,LA INOCENTE,202,MICRODOSIS,2022,
Rochy RD; Anuel AA,Los Illuminaty,157,Los Illuminaty,2022,
Anitta,Envolver,193,Envolver,2021,
Zion y Lennox,Yo Voy (feat. Daddy Yankee),232,Motivando a la Yal,2004,
Bad Bunny,La Zona,136,YHLQMDLG,2020,
The Noise; Zion y Lennox,Me Pones en Tensión,234,Biografía,2004,
Bad Bunny,Yonaguni,206,Yonaguni,2021,
Mora; Sech,TUS LÁGRIMAS,174,MICRODOSIS,2022,
Sech,Duvibes,180,42,2021,
Quevedo,Universitaria,133,Universitaria,2021,
Feid,8 DIAX,141,INTER SHIBUYA (FERXXO EDITION),2021,
Bad Bunny; Yaviah,Bichiyal,196,YHLQMDLG,2020,
Rauw Alejandro,Todo De Ti,199,VICE VERSA,2021,
J Balvin; KAROL G; Nicky Jam; Crissin; Totoy El Frio; Natan y Shander,Poblado - Remix,392,JOSE,2021,
El Alfa; Bulin 47,Mamiferos,183,Mamiferos,2021,
Nicky Jam; Daddy Yankee,En La Cama,157,Haciendo Escante,2001,
Feid; Mora; Eladio Carrion,FUMETEO - Remix,214,FUMETEO (Remix),2021,
Ivy Queen,Yo Quiero Bailar,184,Rompe La Discoteca,2009,
Chimbala; Noriel; KEVVO; Jon Z; Jomarly Cabelina,Enmoliniao,205,Enmoliniao,2021,
KAROL G; Mariah Angeliq,EL MAKINON,209,KG0516,2021,
Bad Bunny; El Alfa,La Romana,300,X 100PRE,2018,
Tego Calderón,Dominicana,252,El Abayarde,2003,
Bad Bunny,Yo Perreo Sola,172,YHLQMDLG,2020,
Jhayco; Bad Bunny,CÓMO SE SIENTE - Remix,227,CÓMO SE SIENTE (Remix),2020,
Jhayco,Christian Dior,147,Christian Dior,2021,
El Alfa,Mera Woo,182,El Androide,2020,
Trebol Clan; Joan,Gata Fiera (feat. Joan),208,Los Bacatranes,2004,
Mozart La Para; Justin Quiles,Mujeres,187,Mujeres,2018,
El Alfa; Lil Pump,Coronao Now,215,El Androide,2020,
Nicky Jam,Me Voy Pa'l Party,179,Conspiracion 2,2003,
Bad Bunny; Jowell y Randy; Ñengo Flow,Safaera,295,YHLQMDLG,2020,
Mora; Jhayco,512,193,Primer Dia de Clases,2021,
KEVVO; Farruko; Chencho Corleone; Arcángel; Darell; Ñengo Flow; Brytiago; Myke Towers,105 F Remix,464,105 F Remix,2019,
"Baby Ranks; Daddy Yankee; Tonny Tun Tun; Wisin y Yandel; Héctor ""El Father""",Mayor Que Yo,254,Pa'l Mundo First Class Delivery,2007,
Daddy Yankee; Wisin y Yandel; Zion; Hector; Tonny Tun Tun,Noche De Entierro,263,Mas Flow - Los Benjamins,2006,
Bad Bunny; Don Omar,PA' ROMPERLA,194,LAS QUE NO IBAN A SALIR,2020,
Sammy Baby; Lenny Tavárez; DJ Nelson; Alejandro Armes,Se Soltó (feat. Alejandro Armes) - Guaracha Remix,181,Se Soltó (Guaracha Remix) [feat. Alejandro Armes],2021,
DJ Booster,Amargura - Remix,176,Amargura (Remix),2023,
Dj Urbano,Mami Chula Mix,247,Mami Chula Mix,2023,
DJ Booster,Bebe Que Fue (TQG) - Remix,186,Bebe Que Fue (TQG) [Remix],2023,
DJ Booster,Mejor Que Yo - Remix,220,Mejor Que Yo (Remix),2023,
DJ Booster,LA BEBE - REMIX,217,La Bebe (Remix),2023,
DJ Booster,Bebe Que Hacemos Remix Exclusivo - Remix,193,Bebe Que Hacemos Remix Exclusivo (Remix),2023,
DJ Booster,Un Cigarrillo - Remix,193,Un Cigarrillo (Remix),2023,
ADSO; DMT LEVEL,Chelitos,164,Chelitos,2023,
DJ Booster,Mi Exxx - Remix,170,Mi Exxx (Remix),2023,
Debaferse,Cuando te beso,183,Cuando te beso,2023,
Josh Gomez; DJ Play; Los Genios World,Hey Mor (Mambo Remix),167,Hey Mor (Mambo Remix),2023,
LiL CaKe; Migrantes; Nico Valdi,MERCHO,161,MERCHO,2022,
DJ Play,Culo (Battle Mix) - Remix,121,Culo (Battle Mix) [Remix],2023,
DJ Booster,Panamiur - Remix,231,Panamiur (Remix),2023,
Moa Rivera,La Película,177,La Película,2023,
DJ Booster; DJ Play; Josh Gomez,Yandel 150 (Mambo Remix),145,Yandel 150 (Mambo Remix) [Remix],2023,
Bellakath,Gatita,153,Gatita,2022,
Tego Calderón,La Receta,175,La Receta,2023,
DJ Booster,Triste Verano - Remix,156,Triste Verano (Remix),2023,
DJ Booster,Niña Bonita - Remix,180,Niña Bonita (Remix),2023,
Josh Gomez; DJ Play; Los Genios World,Music Sessions #53 (Mambo) - Remix,212,Music Sessions #53 (Mambo Remix),2023,
Rauw Alejandro; Daddy Yankee,PANTIES Y BRASIERES,197,PANTIES Y BRASIERES,2023,
DJ Booster,Mas Rica Que Ayer - Remix,205,Mas Rica Que Ayer (Remix),2023,
Dynell,Vete,159,Vete,2023,
DJ Booster,Classy 101 - Remix,200,Classy 101 (Remix),2023,
Marshmello; Manuel Turizo,El Merengue,189,El Merengue,2023,
DJ Booster,Yandel 150 - Remix,195,Yandel 150 (Remix),2023,
Becky G; Omega,Arranca (feat. Omega),166,Arranca (feat. Omega),2023,
DJ Booster,Punto G - Remix,149,Punto G (Remix),2023,
NATYASH,Down Down,151,Down Down,2023,
Rauw Alejandro; Baby Rasta,PUNTO 40,190,PUNTO 40,2022,
Cris Mj; Duki; Nicki Nicole; Standly; Stars Music Chile,Marisola - Remix,237,Marisola (Remix),2022,
DJ Booster,Session 54 - Remix,171,Session 54 (Remix),2023,
KAROL G; Justin Quiles; Angel Dior,OJOS FERRARI,180,MAÑANA SERÁ BONITO,2023,
Josh Gomez; DJ Renx; DJ Play; Los Genios World,Sessions #52 Quédate (Mambo) - Remix,198,Sessions #52 Quédate (Mambo),2022,
DJ Booster,MIX FERXXO EXITOS 2023 - Remix,1008,MIX FERXXO EXITOS 2023 (Remix),2023,
KAROL G; Shakira,TQG,198,TQG,2023,
Nicky Jam,Toy a Mil,148,Toy a Mil,2023,
David Guetta; Bebe Rexha,I'm Good (Blue),175,I'm Good (Blue),2022,
Bad Bunny,Tití Me Preguntó,243,Un Verano Sin Ti,2022,
Rauw Alejandro; Lyanno; Brray,LOKERA,197,LOKERA,2022,
AloSofia,Me Dió Contigo,174,Me Dió Contigo,2023,
JP el Chamaco,Mirame,192,Chamaco Estas Pegao,2022,
Fixty Ordara y Ja Rulay; Wampi; Wow Popy,Por Ustedes (Pornosotros 2),212,Por Ustedes (Pornosotros 2),2022,
Juan Miguel; Ronald Borjas; Victor Muñoz,La Cita,228,La Cita,2023,
Niko La Fuerza Del Area; Krimer VS,Sin Contrato,202,Sin Contrato,2023,
Josh Gomez; DJ Play; Los Genios World,Tacones Rojos (Mambo) - Remix,187,Tacones Rojos (Mambo Remix),2022,
Alli Cruz,Voce,168,Voce,2023,
El Alfa; Noriel; Trueno,LOS APARATOS,232,LOS APARATOS,2022,
KAROL G; Ovy On The Drums,CAIRO,201,CAIRO,2022,
Josh Gomez; DJ Play; Los Genios World,Sal Y Perrea (Club Mix) - Remix,196,Sal Y Perrea (Club Mix),2022,
Yandel; Feid,Yandel 150,216,Yandel 150,2022,
Dj Urbano,El Mejor Que Yo Mix,215,El Mejor Que Yo Mix,2023,
Bizarrap; Shakira,"Shakira: Bzrp Music Sessions, Vol. 53",214,"Shakira: Bzrp Music Sessions, Vol. 53",2023,
Mary Flow,Traumao,180,Traumao,2023,
Ñengo Flow; Bad Bunny,Gato de Noche,227,Gato de Noche,2022,
Feid,CHORRITO PA LAS ANIMAS,168,SIXDO,2022,
Rauw Alejandro; Playero,DE CAROLINA,181,SATURNO,2022,
Josh Gomez; DJ Play; DJ Wogi; Los Genios World,Normal - Remix,134,Normal (Mambo Remix),2022,
Rauw Alejandro; Subelo NEO,RON COLA,186,SATURNO,2022,
Josh Gomez; DJ Play; Carlos Banz,Baby Otaku - Remix,166,Baby Otaku (Remix),2022,
Jeremías,Tú No Sabes,145,Tú No Sabes,2023,
KAROL G; Maldy,GATÚBELA,209,GATÚBELA,2022,
Fugitivo; Carlos Banz,Loco,198,Loco,2023,
ROSALÍA,DESPECHÁ,157,DESPECHÁ,2022,
Bad Bunny; Chencho Corleone,Me Porto Bonito,178,Un Verano Sin Ti,2022,
"Chris Jedi; Anuel AA; Gaby Music; Jenny ""La Sexy Voz""",DURO,218,DURO,2022,
Pablito Pesadilla; Polimá Westcoast; Nickoog Clk; Fran C,BABY OTAKU,176,BABY OTAKU,2022,
Kid MB,Retroton,157,Fase 1,2022,
Shakira; Rauw Alejandro,Te Felicito,172,Te Felicito,2022,
Bad Bunny,Efecto,213,Un Verano Sin Ti,2022,
Ryan Castro,Mujeriego,142,Mujeriego,2021,
Bizarrap; Villano Antillano,"Villano Antillano: Bzrp Music Sessions, Vol. 51",187,"Villano Antillano: Bzrp Music Sessions, Vol. 51",2022,
Kid MB; Carlos Banz; Los Genios World,Bailecito,168,Bailecito,2022,
Josh Gomez; DJ Play; Los Genios World,Girl Like Me - Mambo Remix,191,Girl Like Me (Mambo Remix),2021,
Josh Gomez; DJ Play; Los Genios World,El Pony (Cachengue) - Remix,168,El Pony (Cachengue Remix),2022,
Bizarrap; Quevedo,"Quevedo: Bzrp Music Sessions, Vol. 52",198,"Quevedo: Bzrp Music Sessions, Vol. 52",2022,
YEZZUZ,Dame Un Sí,194,2020,2021,
Bad Bunny,Me Fui de Vacaciones,180,Un Verano Sin Ti,2022,
KAROL G,PROVENZA,210,PROVENZA,2022,
Anitta,Envolver,193,Envolver,2021,
Rauw Alejandro; Chencho Corleone,Desesperados,224,Desesperados,2021,
Josh Gomez; DJ Play; Los Genios World,Bichota (Remix),152,Bichota (Remix),2021,
DJ Booster,Prohibidox - REMIX,162,Prohibidox (Remix),2023,
Josh Gomez; DJ Play; Los Genios World,Saoco (Cachengue Remix),168,Saoco (Cachengue Remix),2021,
Bizarrap; Tiago PZK,"Tiago PZK: Bzrp Music Sessions, Vol. 48",160,"Tiago PZK: Bzrp Music Sessions, Vol. 48",2021,
Manuel Turizo,La Bachata,162,La Bachata,2022,
Daddy Yankee,RUMBATÓN,248,LEGENDADDY,2022,
Bad Bunny; Rauw Alejandro,Party,227,Un Verano Sin Ti,2022,
Bad Bunny; Bomba Estéreo,Ojitos Lindos,258,Un Verano Sin Ti,2022,
YEZZUZ,Te Fallé,232,Te Fallé,2021,
Loby Del Flow,Déjame Saber,199,Déjame Saber,2020,
Black Eyed Peas; J Balvin,RITMO (Bad Boys For Life),221,RITMO (Bad Boys For Life),2019,
Pitbull; Daddy Yankee; NATTI NATASHA,No Lo Trates,198,No Lo Trates,2019,
Feid; Young Miko,Classy 101,195,Classy 101,2023,
Ozuna; Juanka; Brray,La Single,276,La Single,2023,
KAROL G; Shakira,TQG,197,MAÑANA SERÁ BONITO,2023,
DJ Bryanflow; DJ Sknor,A Tu Perro Lo Vuelvo Mi Gato,111,A Tu Perro Lo Vuelvo Mi Gato,2022,
YEZZUZ,Ella Me Llama,185,Ella Me Llama,2018,
Tiësto,Baila Conmigo,146,Baila Conmigo,2022,
Brray; Jhayco; Ryan Castro,Corazón Roto - Remix,275,Corazón Roto (Remix),2023,
Los 4,Historia entre tus dedos,307,Historia entre tus dedos,2017,
Dance Fruits Music; DMNDS; Fallen Roses; Lunis; Lujavo,"Calabria (feat. Fallen Roses, Lujavo y Lunis)",128,"Calabria (feat. Fallen Roses, Lujavo & Lunis)",2021,
Quevedo,PUNTO G,151,DONDE QUIERO ESTAR,2023,
Brunella Torpoco,Honda Costumbres,297,Honda Costumbres,2021,
Yng Lvcas; Peso Pluma,La Bebe - Remix,234,La Bebe (Remix),2023,
Don Omar,Dile,204,The Last Don,2003,
"Boy Wonder CF; Tito ""El Bambino""; Randy",Siente el Boom (feat. Tito el Bambino y Randy),192,Boy Wonder Presents: Chosen Few Grandes Exitos,2013,
Daddy Yankee,Gasolina,192,Barrio Fino (Bonus Track Version),2004,
Plan B,Si No Le Contesto,220,House Of Pleasure,2010,
Tego Calderón,Pa' Que Retozen,151,El Abayarde,2003,
Bad Bunny,Vete,192,YHLQMDLG,2020,
Don Omar,Salió El Sol,315,King Of Kings,2006,
Wisin y Yandel,Rakata,172,Reggaeton de los 00's,2019,
"Angel Y Khriz; Gocho ""El Lápiz De Platino""; John Eric",Na De Na,202,Showtime,2008,
Daddy Yankee; Zion y Lennox,Tu Príncipe,205,Barrio Fino (Bonus Track Version),2004,
"Héctor ""El Father""; Wisin y Yandel",El Telefono,235,The Bad Boy,2006,
Mach y Daddy,La Botella,177,Desde Abajo,2005,
Plan B,Choca,220,Love And Sex,2014,
Angel Y Khriz; Mr. G,Ven Bailalo,252,Strictly Latin Dancing Come And Dance,2011,
Ozuna,Tu Foto,193,Tu Foto,2017,
J Balvin,Ay Vamos,226,La Familia B Sides,2014,
Klasico; Ozuna,Corazon De Seda (feat. Ozuna),186,Los Que Gustan,2016,
J Balvin; Jowell y Randy,Bonita,265,Bonita,2017,
KAROL G; Anuel AA; J Balvin,LOCATION,265,LOCATION,2021,
J Balvin; KAROL G; Nicky Jam; Crissin; Totoy El Frio; Natan y Shander,Poblado - Remix,393,Poblado (Remix),2021,
KAROL G; Mariah Angeliq,EL MAKINON,209,KG0516,2021,
Tony Dize; Yandel,Permitame,185,Permitame,2008,
Plan B,Es un Secreto,190,House Of Pleasure,2010,
Don Omar,Pobre Diabla,254,The Last Don Live,2004,
Daddy Yankee,"Lo Que Pasó, Pasó",210,Barrio Fino (Bonus Track Version),2004,
Ivy Queen,Quiero Bailar,184,Diva Platinum Edition,2004,
Plan B,Candy,207,Love And Sex,2014,
Pitbull; Lil Jon,Culo,219,Original Hits,2012,
N.O.R.E.; Daddy Yankee; Nina Sky; Gemstar; Big Mato,Oye Mi Canto,240,N.O.R.E. Y La Familia,2006,
Fuego,Una Vaina Loca,188,Una Vaina Loca,2011,
J Balvin,Tu Veneno,157,Tu Veneno,2021,
Nicky Jam; Jhayco,Magnum,182,Infinity,2021,
NATTI NATASHA; Becky G,Ram Pam Pam,200,Ram Pam Pam,2021,
Mora; Jhayco,512,193,Primer Dia de Clases,2021,
Rauw Alejandro,La Old Skul,214,VICE VERSA,2021,
J Balvin; Tokischa,Perra,157,JOSE,2021,
Ozuna,Tiempo,171,Tiempo,2021,
Nicki Nicole; Rauw Alejandro,Sabe,177,Sabe,2021,
Farruko; Bad Bunny,La Cartera,289,Gangalee,2019,
Rauw Alejandro; Anuel AA,Reloj,231,Afrodisíaco,2020,
Nio Garcia; Luar La L,Parao,220,Parao,2021,
Tainy; Yandel; Rauw Alejandro,UNA MÁS,166,DYNASTY,2021,
Jhayco,Christian Dior,146,Timelezz,2021,
Rauw Alejandro,Cúrame,164,VICE VERSA,2021,
Rauw Alejandro,Todo De Ti,199,VICE VERSA,2021,
Farruko,Pepas,287,Pepas,2021,
Nio Garcia; J Balvin; Bad Bunny,AM Remix,261,AM Remix,2021,
Bad Bunny,Yonaguni,206,Yonaguni,2021,
Sech,Sal y Perrea,216,42,2021,
Mora; Jhayco,Pegate - Remix,204,Pegate (Remix),2020,
Jay Wheeler,Viendo el Techo,188,Viendo el Techo,2021,
Don Omar,Guaya Guaya,193,The Last Don II,2015,
Plan B,Fanática Sensual,240,Love And Sex,2014,
Don Omar,Dile,204,"The Gold Series ""The Last Don""",2004,
Wisin y Yandel,Abusadora,180,La Revolución - Evolution,2009,
Pitbull; Lil Jon,The Anthem,245,The Boatlift - Clean,2007,
Zion y Lennox,Yo Voy (feat. Daddy Yankee),232,Motivando a la Yal,2004,
Plan B,Si No Le Contesto,220,House of Pleasure,2010,
Ivy Queen,Quiero Bailar,183,e5,2006,
Plan B,Es Un Secreto,190,House of Pleasure,2010,
Ozuna,Dile Que Tu Me Quieres,226,Dile Que Tu Me Quieres,2016,
Don Omar,Pobre Diabla,252,"The Gold Series ""The Last Don""",2004,
Tainy; Anuel AA; Ozuna,Adicto (with Anuel AA y Ozuna),270,Adicto (with Anuel AA & Ozuna),2019,
J Balvin,Reggaeton,158,Reggaeton,2018,
Ozuna; J Balvin; Chencho Corleone,Una Locura,230,ENOC,2020,
Rauw Alejandro,Sexo Virtual,208,VICE VERSA,2021,
J Balvin; Maria Becerra,Qué Más Pues?,217,JOSE,2021,
Rauw Alejandro; Anuel AA,Reloj,231,Reloj,2020,
Yandel; Rauw Alejandro,Dembow 2020,168,Quien Contra Mi 2,2020,
Lyanno; Rauw Alejandro,Poderosa,222,Poderosa,2021,
Ozuna; Lunay; Rauw Alejandro; Lyanno,Luz Apaga,245,Luz Apaga,2018,
Rauw Alejandro; Farruko,Fantasias,199,Fantasias,2019,
Manuel Turizo; Rauw Alejandro; Myke Towers,La Nota,216,La Nota,2020,
Aventura; Bad Bunny,Volví,230,Volví,2021,
Sech; Jhayco,911 (Remix),208,911 (Remix),2021,
Daddy Yankee,Ella Me Levanto,209,El Cartel: The Big Boss,2007,
Wisin y Yandel,Ahora Es,206,"Wisin Vs Yandel ""Los Extraterrestres""",2007,
Jhayco; J Balvin; Bad Bunny,No Me Conoce - Remix,309,Famouz,2019,
J Balvin; Farruko,6 AM,243,La Familia,2013,
Rauw Alejandro; Chencho Corleone; KEVVO; Bryant Myers; Lyanno; Dalex,El Efecto - Remix,289,El Efecto (Remix),2019,
Sech; Daddy Yankee; J Balvin,Sal y Perrea - Remix,226,Sal y Perrea (Remix),2021,
Sech; Daddy Yankee; J Balvin; ROSALÍA; Farruko,Relación - Remix,247,Relación (Remix),2020,
Bad Bunny; Yaviah,Bichiyal,196,YHLQMDLG,2020,
Tokischa; ROSALÍA,Linda,144,Linda,2021,
Ozuna,Si No Te Quiere,226,Odisea,2017,
Bad Bunny; Jowell y Randy; Ñengo Flow,Safaera,295,YHLQMDLG,2020,
Becky G; El Alfa,FULANITO,158,FULANITO,2021,
J Balvin,Azul,205,Colores,2020,
Ozuna; Daddy Yankee; J Balvin; Farruko; Anuel AA,Baila Baila Baila - Remix,235,"Baila Baila Baila (Remix) [feat. Farruko, Anuel Aa]",2019,
El Alfa; Chael Produciendo; CJ; El Cherry Scom,La Mamá de la Mamá,219,La Mamá de la Mamá,2021,
Bad Bunny; El Alfa,La Romana,300,X 100PRE,2018,
Daddy Yankee,Pose,217,Talento de Barrio,2008,
Wisin y Yandel; Bad Bunny,Dame Algo,237,"Los Campeones del Pueblo ""The Big Leagues""",2018,
Bad Bunny,Yo Perreo Sola,172,YHLQMDLG,2020,
Los Legendarios; Wisin; Jhayco,Fiel,261,Los Legendarios 001,2021,
J Balvin; Bad Bunny,QUE PRETENDES,222,OASIS,2019,
Sech,911,215,42,2021,
J Balvin; Maria Becerra,Qué Más Pues?,217,Qué Más Pues?,2021,
Tainy; Bad Bunny; Julieta Venegas,Lo Siento BB:/ (with Bad Bunny y Julieta Venegas),207,Lo Siento BB:/ (with Bad Bunny & Julieta Venegas),2021,
Bad Bunny; Daddy Yankee,La Santa,206,YHLQMDLG,2020,
KAROL G,BICHOTA,178,KG0516,2021,
Mariah Angeliq; Guaynaa,Taxi,173,Normal,2020,
Soca Man,Pasame La Botella,179,"Vamos A La Playa, Vol. 2",2010,
Daddy Yankee; NATTI NATASHA; Becky G,ZONA DEL PERREO,191,LEGENDADDY,2022,
Jowell y Randy; Kiko el Crazy,Se Acabó la Cuarentena,166,Viva el Perreo,2020,
Bad Bunny; Rauw Alejandro,Party,227,Un Verano Sin Ti,2022,
Bad Bunny,Moscow Mule,245,Un Verano Sin Ti,2022,
Dímelo Flow; Dalex; Sech; Justin Quiles; Arcángel; De La Ghetto; Lenny Tavárez,Se Le Ve,277,Se Le Ve,2021,
Randy; Ape Drums,23 (With Ape Drums),167,"Romances de una Nota 2021, Vol.2",2021,
Wisin; Jhayco; Anuel AA; Los Legendarios; Myke Towers,Fiel - Remix,349,Fiel (Remix),2021,
Don Omar,Conteo,196,The Fast And The Furious: Tokyo Drift (Original Motion Picture Soundtrack),2006,
Pitbull; Lil Jon,Culo,219,M.I.A.M.I.,2004,
Daddy Yankee,Gasolina,192,Barrio Fino (Bonus Track Version),2004,
Enur; Natasja,Calabria 2007 (feat. Natasja) - Radio Edit,233,Calabria 2007 (feat. Natasja),2007,
Wisin y Yandel,Pam Pam,227,La Historia De El Dúo (Vol.1),2013,
Angel Y Khriz,Ven Bailalo - Reggaeton Mix,252,Ven Bailalo (Reggaeton Mix),2005,
Daddy Yankee; Wisin y Yandel,No Me Dejes Solo,170,Barrio Fino (Bonus Track Version),2004,
Baby Rasta y Gringo,Me Niegas,201,Los Cotizados,2015,
Lunay; Daddy Yankee; Bad Bunny,Soltera - Remix,266,Épico,2019,
Becky G; KAROL G,MAMIII,226,ESQUEMAS,2022,
Bad Bunny; Jhayco,DÁKITI,205,EL ÚLTIMO TOUR DEL MUNDO,2020,
Sech,PSL,175,42,2021,
KAROL G,PROVENZA,210,PROVENZA,2022,
Bad Bunny; Tainy,Callaita,250,Un Verano Sin Ti,2022,
Sean Paul,Temperature,218,The Trinity,2005,
Daddy Yankee,Rompe,188,Barrio Fino En Directo,2005,
Bad Bunny; ROSALÍA,LA NOCHE DE ANOCHE,203,EL ÚLTIMO TOUR DEL MUNDO,2020,
Bad Bunny; Chencho Corleone,Me Porto Bonito,178,Un Verano Sin Ti,2022,
KAROL G,SEJODIOTO,181,SEJODIOTO,2021,
Bad Bunny,Tití Me Preguntó,243,Un Verano Sin Ti,2022,
Bad Bunny,La Zona,136,YHLQMDLG,2020,
Bad Bunny,Efecto,213,Un Verano Sin Ti,2022,
Bad Bunny,Si Veo a Tu Mamá,170,YHLQMDLG,2020,
Rauw Alejandro; Chencho Corleone,Desesperados,224,VICE VERSA,2021,
Rauw Alejandro; Chencho Corleone,El Efecto,217,El Efecto,2019,
Bad Bunny; Tony Dize,La Corriente,198,Un Verano Sin Ti,2022,
Bad Bunny,El Apagón,201,Un Verano Sin Ti,2022,
Bad Bunny; Drake,MIA,210,X 100PRE,2018,
Bad Bunny; Ñengo Flow,Que Malo,167,YHLQMDLG,2020,
Nio Garcia; Casper Magico; Ozuna; Wisin y Yandel; Myke Towers; Flow La Movie,Travesuras - Remix,324,Travesuras (Remix),2021,
Myke Towers; Farruko; Arcángel; Sech; Zion,Si Se Da - Remix,332,Si Se da Remix,2019,
Cris Mj,Una Noche en Medellín,153,Una Noche en Medellín,2022,
ROSALÍA; J Balvin; El Guincho,Con Altura,161,Con Altura,2019,
El Chombo,Papi Chulo,175,A Mover el Culo Con el Chombo,2016,
"Tito ""El Bambino""",Siente El Boom (feat. Randy),188,Siente El Boom (feat. Randy) - Single,2011,
Daddy Yankee,"Lo Que Pasó, Pasó",210,Barrio Fino (Bonus Track Version),2004,
Wisin y Yandel,Rakata,172,Pa'l Mundo,2005,
Ozuna,Dile Que Tu Me Quieres,226,Odisea,2017,
Guaynaa,Rebota,204,Rebota,2018,
KAROL G; Maldy,GATÚBELA,209,GATÚBELA,2022,
Bad Bunny,Dos Mil 16,208,Un Verano Sin Ti,2022,
Daddy Yankee; Wisin y Yandel; Zion; Hector; Tonny Tun Tun,Noche De Entierro,263,Mas Flow - Los Benjamins,2006,
"Héctor ""El Father""",Noche de Travesura,207,Goldstar Music La Familia Reggaeton Hits,2019,
R.K.M y Ken-Y,Down,225,Masterpiece: Nuestra Obra Maestra,2016,
Wisin y Yandel,Pegao,232,Wisin Y Yandel Presentan: Los Vaqueros,2006,
Feid; KAROL G,FRIKI,144,FRIKI,2021,
Bad Bunny,La Difícil,163,YHLQMDLG,2020,
Feid,Feliz Cumpleaños Ferxxo,155,FELIZ CUMPLEAÑOS FERXXO TE PIRATEAMOS EL ÁLBUM,2022,
De La Ghetto; Daddy Yankee; Ozuna; Chris Jedi,La fórmula (feat. Chris Jedi),232,Mi Movimiento,2018,
Nina Sky; Jabba,Move Ya Body,232,Nina Sky,2004,
Jhayco; Feid; Sech,En La De Ella,230,En La De Ella,2022,
Rauw Alejandro; Lyanno; Brray,LOKERA,197,SATURNO,2022,
Rauw Alejandro; Playero,DE CAROLINA,181,SATURNO,2022,
KAROL G; Ovy On The Drums,CAIRO,201,CAIRO,2022,
Rauw Alejandro; Playero,DEJAU',182,SATURNO,2022,
Ñengo Flow; Bad Bunny,Gato de Noche,227,Gato de Noche,2022,
Feid,CHORRITO PA LAS ANIMAS,168,SIXDO,2022,
"Boy Wonder CF; Randy; Tito ""El Bambino""",Siente El Boom (feat. Randy y Tito El Bambino),192,Boy Wonder Presents Chosen Few Grandes Exitos,2013,
Wisin y Yandel,Me Estas Tentando,229,La Revolucion (Deluxe),2009,
Rauw Alejandro; Daddy Yankee,PANTIES Y BRASIERES,197,PANTIES Y BRASIERES,2023,
Daddy Yankee; Fergie,Impacto (Remix) [feat. Fergie] (Remix),207,El Cartel: The Big Boss,2007,
Dj Laz; Flo Rida; Casely,"Move, Shake, Drop",190,Latin World Hip Hop Reloaded 1,2009,
N.O.R.E.; Fat Joe; Big Mato; Nina Sky; Chingo Bling; Lil Rob; Negra; Lumidee,Mas Maiz,274,N.O.R.E. Y La Familia,2006,
KAROL G; Carla Morrison,MAÑANA SERÁ BONITO,210,MAÑANA SERÁ BONITO,2023,
Plan B,Frikitona,183,Frikitona - Single,2011,
El Alfa; Darell; Noriel,4K,201,4K,2020,
Hombres G,Devuélveme a mi chica,194,Hombres G (Edición 30 Aniversario),1985,
Los Enanitos Verdes,Lamento Boliviano,222,Big Bang,1994,
ChiChi Peralta; Jandy Feliz,Procura,271,Pa' Otro La 'O,1997,
Juanes; Nelly Furtado,Fotografía,238,Un Día Normal,2002,
Entrelineas,Malibú,205,Malibú,2022,
Maná,Oye Mi Amor,263,¿Dónde Jugarán Los Niños?,1992,
Guayacán Orquesta,"Oiga, Mire, Vea - Salsa",323,Sentimental de Punta a Punta,1990,
Roberto Carlos,Mi Cacharrito (Road Hog),144,Pra Sempre Em Espanhol - Vol. 1,2007,
Daiana Alice; 27Corazones Beats,TA Celosa Tu EX,110,TA Celosa Tu EX,2023,
Carlos Vives; Fanny Lu; Fonseca; Maluma; Andrea Echeverri; Cholo Valderrama; Coral Group; Herencia de Timbiqui,"La Tierra del Olvido (feat. Fanny Lu, Fonseca, Maluma, Andrea Echeverri, Cholo Valderrama, Coral Group y Herencia de Timbiquí) - 2015",320,Más + Corazón Profundo Tour: En Vivo Desde la Bahía de Santa Marta,2015,
Laborde,Dejaré de Ser Yo,201,Dejaré de Ser Yo,2018,
Silvestre Dangond; Rolando Ochoa,Lo Ajeno Se Respeta,273,Super Vallenatos 2014,2013,
Jorge Celedón; Jimmy Zambrano,Ay Hombe,317,Canto Vallenato,2002,
Emmanuel Da Silva; Garnett,Mi Estrella (Galileo),231,"GRANATE, Vol. 2",2022,
Diomedes Diaz; Juancho Rois,La Plata,278,26 De Mayo,1994,
Jarabe De Palo,La flaca,261,La Flaca,1996,
Bacilos,Mi primer millon,237,Caraluna,2002,
Luis Miguel,Ahora Te Puedes Marchar,191,Soy Como Quiero Ser,1987,
Laborde; MT,Bailento,198,Bailento,2018,
Elefante,Así Es la Vida,310,El Que Busca Encuentra,2001,
Andrés Cepeda,Un ratito,228,Lo mejor que hay en mi vida,2012,
Grupo Niche,Cali Ají,277,Cielo de Tambores,1991,
Joe Arroyo; La Verdad,Echao Pa' Lante,246,Fuego en Mi Mente,2015,
Willie Colón; Rubén Blades,Pedro Navaja,445,Siembra,1978,
Rubén Blades,Decisiones,303,Buscando America,1984,
Juan Luis Guerra 4.40,El Niagara en Bicicleta,265,Ni Es Lo Mismo Ni Es Igual,2019,
Juan Luis Guerra 4.40,Las Avispas,197,Para Ti,2004,
Melendi,Un violinista en tu tejado,222,Un Violinista En Tu Tejado,2008,
Juanes,Yerbatero,211,P.A.R.C.E. (Deluxe Version),2010,
Billo's,El Brujo,295,"Clásicos de Oro de Billo Caracas Boy's, Vol II",1998,
Diomedes Diaz; El Cocha Molina,Sin Medir Distancias,298,Grandes Exitos,1989,
Wilfrido Vargas; Sandy Reyes,El Comejen,260,Wilfrido Vargas y Sandy Reyes,2018,
Vicente Fernández,Un Millón de Primaveras,173,Vicente Fernandez Para Siempre,2007,
Wilson Saoko; Fruko Y Sus Tesos,El Preso,294,Fruko Power Salsa,2000,
Laborde,Así Como Eres,181,Así Como Eres,2022,
Héctor Lavoe; Willie Colón,Juanito Alimaña,456,Vigilante,1982,
Héctor Lavoe,El Cantante,626,Comedia,1978,
Jorge Celedón,Parranda en el Cafetal,251,Llévame En Tus Sueños,2001,
Los Coquillos,Borracho Hasta El Amanecer,310,...Hasta El Amanecer,1998,
Laborde,Sandra,194,Sandra,2019,
Roberto Carlos,Mi Cacharrito (Road Hog),149,Un Gato En La Oscuridad,1964,
Jorge Celedón; Jimmy Zambrano,Esta Vida,237,Son Para El Mundo,2006,
Opus,Live Is Life - Live,254,Die Grössten Hits Aus 15 Jahren,1997,
Vicente Fernández,Mujeres Divinas,193,Mujeres Divinas,1987,
Alejandro Fernández,Mátalas,174,Lo Esencial De Alejandro Fernández,2011,
Ricardo Arjona,Historia de Taxi,405,Historias,1994,
Alejandro Sanz,Corazón partío,300,MTV Unplugged,2001,
Willie Colón,Talento De Televisión,279,Mis Favoritas,2010,
Héctor Lavoe,Periódico De Ayer,409,De Ti Depende,1976,