Id,Artista,Canción,Duración (segundos),Álbum,Año
1,Josimar y Su Yambú,Tú Te Lo Pierdes,231,Tú Te Lo Pierdes,2020
2,Josimar y Su Yambú,Con la Misma Moneda,322,A Lo Perucho,2015
3,Pedro Alonso; Ami Galíndez,Fuiste Tú,207,Fuiste Tú,2023
4,Moa Rivera,La Película,177,La Película,2023
5,Edu Tejada,Dame Un Suspiro,211,Dame Un Suspiro,2023
6,Pedro Alonso; Ami Galíndez,Para Siempre,235,Para Siempre,2022
7,Edu Tejada,Te Deseo Lo Peor,217,Te Deseo Lo Peor,2023
8,Pedro Alonso; Chipi Chacon,Te Soñé,249,Te Soñé,2023
9,Josimar y Su Yambú,La Mejor de Todas,327,Por Culpa de Alguien,2017
10,Nelson Arrieta,Zonas Prohibidas,225,Zonas Prohibidas,2022
11,Jeremy Gómez,Te Equivocaste - Versión Salsa,231,Te Equivocaste (Versión Salsa),2020
12,Josimar y Su Yambú,Como Mirarte,222,Como Mirarte,2018
13,Josimar y Su Yambú,El Aventurero,257,El Aventurero,2019
14,Edu Tejada,Veneno De Amor,202,Veneno De Amor,2023
15,Pedro Alonso; Ariana Dao,Vete,211,Vete,2021
16,Josimar y Su Yambú; Son Tentación,Ese Estúpido (Feat. Son Tentación),296,Por Culpa de Alguien,2017
17,Jeremy Gómez,La Mitad - Versión Salsa,283,La Mitad (Versión Salsa),2021
18,Josimar y Su Yambú,Porque un Hombre No Llora,295,Porque un Hombre No Llora,2018
19,Edu Tejada,Todavía Hay Algo Más,245,Todavía Hay Algo Más,2020
20,Combinacion De La Habana; Nesty,Hawái,249,Hawái,2020
21,N'Samble,Me Vas A Extrañar,310,Me Vas A Extranar,2019
22,Edu Tejada,Dame Un Suspiro,211,Dame Un Suspiro,2023
23,Calango Orquesta; Joselito El Hachero,Aquí Abajo,249,Aquí Abajo,2022
24,Daniela Darcourt,Señor Mentira,269,Esa Soy Yo,2019
25,Calango Orquesta; Sandra Saldaña,Modo Avión,270,Modo Avión,2023
26,Jeremy Gómez,Te Equivocaste - Versión Salsa,231,Te Equivocaste (Versión Salsa),2020
27,Bamboleo,Usted No Sabe,295,De Cuba a Perú,2018
28,N'Samble,Hoy he vuelto a ver al amor,334,N'samble y no Hay Más na,2011
29,Rumbavana,Voy a conquistar tu amor,298,Pa' que lo goces con ganas,2017
30,Jeremy Gómez,La Mitad - Versión Salsa,283,La Mitad (Versión Salsa),2021
31,Josimar y Su Yambú,No Te Creas Tan Importante,276,Por Culpa de Alguien,2017
32,Orquesta Mangú,Por amarte así,274,Mangunéate,2014
33,Jeremy Gómez,No Fue Fácil - Versión Salsa,231,No Fue Fácil (Versión Salsa),2020
34,Edu Tejada,Todavía Hay Algo Más,245,Todavía Hay Algo Más,2020
35,N'Samble,Amigo mío,266,Lo Mejor y lo Nuevo de N'Samble,2014
36,Son Tentación,Déjala,322,A Fuego,2014
37,Jeremy Gómez,Te Equivocaste - Versión Salsa,231,Te Equivocaste (Versión Salsa),2020
38,Alvaro Rod; Amy Gutiérrez,Vamos a Escapar - Salsa Version,274,Vamos a Escapar,2019
39,Gaby Zambrano,Te Hubieras Ido Antes,328,Díselo,2020
40,You Salsa,No Te Contaron Mal,276,No Te Contaron Mal,2019
41,Bembe Orquesta; Farik Grippa,En Peligro de Extinción,241,En Peligro de Extinción,2019
42,Los Barraza,A Ella,295,A Ella,2019
43,Karibe Band; Ray Bg,Como Te Hago Entender,254,Amarte por Mil Años,2020
44,Yahaira Plasencia,No Vuelvas a Besarme,243,"Y de Pronto, Tú y Yo",2018
45,Amy Gutiérrez,No Sé,246,No Sé,2019
46,Cielo Torres,Más Fuerte,227,Más Fuerte,2019
47,Farik Grippa,Hablame de Ti,270,Hablame de Ti,2019
48,Los Barraza,La Mejor Versión de Mi,269,La Mejor Versión de Mi,2019
49,Septeto Acarey,Eres Mi Sueño,300,Acarey Ya Llegó,2017
50,Josimar y Su Yambú,He Sentido Amor,277,Por Culpa de Alguien,2017
51,N'Samble,Corazón Embusteros,353,Y No Hay Más Na,2011
52,Josimar y Su Yambú,Tributo Armonia 10 - En Vivo,599,Live Sessions Salsa Perucha,2017
53,Eddy Lover; Demphra,Perdóname,243,Perdóname,2008
54,Wisin y Yandel; Romeo Santos,Noche De Sexo,205,Pa'l Mundo,2005
55,Don Omar; Tego Calderón,Bandoleros,305,The Fast And The Furious: Tokyo Drift (Original Motion Picture Soundtrack),2006
56,Don Omar,Guaya Guaya,193,The Last Don II,2015
57,Don Omar,Dale Don Dale,212,The Last Don,2003
58,Don Omar,Cuéntale - Remastered 2016,261,King Of Kings 10th Anniversary (Remastered),2016
59,Don Omar; Juelz Santana,Conteo - Remastered 2016,240,King Of Kings 10th Anniversary (Remastered),2016
60,Wisin y Yandel,Rakata,172,Pa'l Mundo,2005
61,"Daddy Yankee; Wisin y Yandel; Héctor ""El Father""; Zion; Tonny Tun Tun; Luny Tunes; Tainy Tunes",Noche De Entierro (Nuestro Amor),263,Mas Flow - Los Benjamins,2006
62,Arcángel,Pa'que La Pases Bien,210,"Luny Tunes Presents, Calle 434",2009
63,Daddy Yankee,Rompe,188,Barrio Fino En Directo,2005
64,Don Omar,Salio El Sol,315,Reggaeton Hits Factory,2007
65,Wisin y Yandel,Pam Pam,226,Reggaeton Hits Factory,2007
66,R.K.M y Ken-Y,Down,225,Now Latino 2,2006
67,Don Omar; Manuel Alejandro Ruiz,Reggaeton Latino,200,2007 Años De Exitos Reggaeton,2006
68,Don Omar,Pobre Diabla,255,Reggaeton Hitmakers Tropical Blend,2006
69,Tego Calderón,Punto Y Aparte,204,12 Discipulos,2005
70,Wisin y Yandel; Don Omar,Nadie Como Tu,222,Wisin Y Yandel Presentan: Los Vaqueros,2006
71,Zion y Lennox,Yo Voy (feat. Daddy Yankee),232,Motivando a la Yal,2004
72,Tony Dize; Yandel,Permitame,186,Latin Party,2012
73,Tego Calderón,Metele Sazon,242,Mas Flow,2004
74,Nigga; Mr. Saik,Dime Si Te Vas con Él,233,La Evolución Romantic Style,2009
75,Daddy Yankee,Ella Me Levanto,209,El Cartel: The Big Boss (iTunes) [Explicit Version],2007
76,Daddy Yankee,Gasolina,192,Barrio Fino (Bonus Track Version),2004
77,De La Ghetto,Sensacion Del Bloque,182,Reggaeton Rulers: Los Que Ponen,2006
78,Calle 13,Atrévete-Te-Te,239,Calle 13 (Explicit Version),2005
79,Ivy Queen,Yo Quiero Bailar,186,Yo Quiero Bailar,2019
80,Tego Calderón,Punto y Aparte,206,Rompe La Discoteca,2009
81,N.O.R.E.; Daddy Yankee; Nina Sky; Gemstar; Big Mato,Oye Mi Canto,240,N.O.R.E. Y La Familia,2006
82,R.K.M y Ken-Y,Down,225,Reggaeton Simply The Best,2008
83,"Tito ""El Bambino""; Zion y Lennox",Mi Cama Huele a Ti (feat. Zion y Lennox),225,El Patrón,2015
84,Casa De Leones,No Te Veo - Digital Single,255,No Te Veo,2007
85,Ivy Queen,"Te He Querido, Te He Llorado",254,e5,2006
86,Don Omar; Fat Joe; N.O.R.E.; LDA; Manuel Alejandro Ruiz,Reggaeton Latino - Chosen Few Remix,290,N.O.R.E. Y La Familia,2006
87,El General,Tu Pun Pun,212,Estas Buena,1991
88,Tony Dize; Yandel,Permitame,185,La Melodia De La Calle,2008
89,Wisin y Yandel,Pam Pam,227,La Historia De El Dúo (Vol.1),2013
90,Aventura; Don Omar,Ella Y Yo - Featuring Don Omar,267,God's Project,2005
91,"Angel Y Khriz; Gocho ""El Lápiz De Platino""; John Eric",Na De Na,202,Showtime,2008
92,Tego Calderón,Pa' Que Retozen,151,El Abayarde,2003
93,Yaga y Mackie; Arcángel; De La Ghetto,Aparentemente,303,La Reunion,2015
94,Big Boy; Angel Lopez,Mis Ojos Lloran Por Ti,295,Mis Ojos Lloran Por Ti,2006
95,Plan B,Es Un Secreto,190,House of Pleasure,2010
96,Wisin y Yandel,Abusadora,180,La Historia De El Dúo (Vol.1),2013
97,Wisin y Yandel,Sexy Movimiento,213,La Historia De El Dúo (Vol.1),2013
98,Wisin y Yandel,Ahora Es,206,"Wisin Vs Yandel ""Los Extraterrestres""",2007
99,Daddy Yankee,Pose,217,Talento de Barrio,2008
100,Daddy Yankee,"Lo Que Pasó, Pasó",210,Barrio Fino (Bonus Track Version),2004
101,Angel Y Khriz,Ven Bailalo - Reggaeton Mix,252,Ven Bailalo (Reggaeton Mix),2005
102,Plan B,Si No Le Contesto,220,House Of Pleasure,2010
103,Plan B,Frikitona,183,Frikitona - Single,2011
104,Mach y Daddy,La Botella,179,Desde Abajo,2005
105,Plan B,Fanática Sensual,240,Love And Sex,2014
106,Pitbull; Lil Jon; Ivy Queen,Culo Remix,240,Money Is Still A Major Issue,2005
107,"Héctor ""El Father""",Noche de Travesura,207,Goldstar Music La Familia Reggaeton Hits,2019
108,De La Ghetto,Tu Te Imaginas,154,Masacre Musical,2008
109,Arcángel,Ganas De Ti,174,El Fenomeno,2008
110,De La Ghetto,Es Dificil,280,Masacre Musical,2008
111,R.K.M y Ken-Y; Ken-Y,Down (Remix),227,Masterpiece : Commemorative Edition,2007
112,Jowell y Randy,Loco,231,El Momento,2010
113,Don Omar; Plan B,Hooka,237,Meet The Orphans,2010
114,Don Omar,Dile,204,The Last Don,2003
115,N.O.R.E.; Fat Joe; Big Mato; Nina Sky; Chingo Bling; Lil Rob; Negra; Lumidee,Mas Maiz,274,N.O.R.E. Y La Familia,2006
116,Pitbull; Lil Jon,Toma,213,M.I.A.M.I.,2004
117,Don Omar,Virtual Diva,239,iDon,2009
118,Don Omar,Sexy Robotica,233,iDon,2009
119,"Wisin y Yandel; Franco ""El Gorilla""; John Patiño",Me Estas Tentando - Remix,264,La Revolucion (Deluxe),2009
120,Daddy Yankee; Zion y Lennox,Tu Príncipe,205,Barrio Fino (Bonus Track Version),2004
121,Daddy Yankee; Wisin y Yandel,No Me Dejes Solo,170,Barrio Fino (Bonus Track Version),2004
122,Daddy Yankee,¿Qué Tengo Que Hacer?,218,Talento de Barrio,2008
123,Daddy Yankee,Impacto,185,El Cartel: The Big Boss,2007
124,Sin Bandera,Suelta Mi Mano,240,Mañana,2005
125,Alejandro Fernández,Me Dediqué a Perderte,231,A Corazón Abierto,2004
126,Santiago Cruz,"Y Si Te Quedas, ¿Qué?",218,Cruce de Caminos,2009
127,Camila,Bésame,252,Dejarte De Amar,2010
128,Luis Fonsi; Juan Luis Guerra 4.40,Llegaste Tú,221,8,2014
129,Pablo Alborán,Solamente tú,247,Pablo Alboran (Deluxe),2011
130,Ricardo Arjona,La Mujer Que No Soñé,218,Solo,2004
131,Sebastian Yatra,Amor Pasajero,152,Amor Pasajero,2022
132,Franco De Vita,Tú de Qué Vas,238,Stop,2004
133,Lirow,No Me Olvides,178,No Me Olvides,2020
134,José José,Vamos a Darnos Tiempo,248,Gracias,1981
135,Shakira; Rauw Alejandro,Te Felicito,172,Te Felicito,2022
136,El General Paz y La Triple Frontera; La Revolución De Emiliano Zapata,El Santuario,244,El Santuario,2023
137,Sin Bandera,Entra en Mi Vida,248,Sin Bandera,2003
138,Alejandro Sanz,Corazón partío,343,Más,1997
139,Chino y Nacho,Niña Bonita,216,Mi Niña Bonita - Reloaded,2010
140,Juanes,Volverte A Ver,217,Mi Sangre,2004
141,Sebastian Yatra; Myke Towers,Pareja Del Año,195,Dharma,2022
142,Norbert,La Cartera,222,Transición y Creación,2023
143,Ricardo Arjona; Gaby Moreno,Fuiste Tú (feat. Gaby Moreno),265,Independiente + Demos,2011
144,Marshmello; Manuel Turizo,El Merengue,189,El Merengue,2023
145,Emmanuel,Bella Señora,279,La Historia De Toda La Vida,2006
146,Timbiriche,Si No Es Ahora,233,Timbiriche 7,2009
147,Carlos Baute; Marta Sánchez,Colgando en tus manos (con Marta Sánchez),230,De mi puño y letra - Edicion Coleccionista,2009
148,Mila Manes,Tu Amor,147,Tu Amor,2023
149,Pepe Aguilar; Melissa Robles; Ángela Aguilar; La Marisoul,Prometiste,305,MTV Unplugged,2014
150,ChiChi Peralta; Jandy Feliz,Amor Narcótico,316,Pa' Otro La 'O,1997
151,ZELAYA,Enamorados,170,Enamorados,2023
152,Pablo Alborán,Saturno,253,Prometo,2017
153,Magneto,Malherido,230,La Historia De Magneto,2007
154,Zilvano; Mike Torres,Astronautas,155,Astronautas,2022
155,Franco De Vita,Un Buen Perdedor,240,Franco de Vita,1990
156,Ricky Martin,Vuelve,307,Vuelve,1998
157,Yas Gagliardi,Que Pena,143,Que Pena,2022
158,David Bisbal,Dígale,262,Corazon Latino,2002
159,Juan Luis Guerra 4.40,Como Abeja al Panal,245,Bachata Rosa,1990
160,Manny Cruz,Amor Mío,203,Amor Mío,2023
161,Sebastian Yatra,Tacones Rojos,189,Tacones Rojos,2021
162,José Luis Rodríguez,Dueño De Nada,297,15 Exitos De Jose Luis Rodriguez,2011
163,Tony Lozano; DerekVinci; El Tiguere,Toa La Noche,175,Toa La Noche,2023
164,Juanes,Nada Valgo Sin Tu Amor,196,Mi Sangre,2004
165,Luis Miguel,Palabra De Honor,218,Palabra De Honor,1984
166,OlyKhris,Contrato,211,Contrato,2023
167,Daniel Santacruz,Sálvame Ahora,219,Bachata Stereo,2011
168,Juan Gabriel,Abrázame Muy Fuerte,239,Abrázame Muy Fuerte,2000
169,Mickey Then,Sin Piedad,159,Sin Piedad,2023
170,Camila,Aléjate de Mí,258,Dejarte De Amar,2010
171,Aleks Syntek,Te Soñé,227,Mundo Lite,2004
172,Angelito Tu Abuela,A Veces Me Emborracho,235,Espalda Con Espalda,2022
173,Mijares,El Privilegio De Amar,236,El Privilegio De Amar,1998
174,Los Bukis,Acepto Mi Derrota,248,Inalcanzable,1993
175,La Oreja de Van Gogh,Jueves,263,Nuestra Casa a la Izquierda del Tiempo,2009
176,José José,Preso,226,Gracias,1981
177,Timbiriche,Mírame,200,Imprescindibles,2014
178,Alejandro Sanz,Amiga mía,290,Más,1997
179,Luis Miguel,La Incondicional,257,Busca Una Mujer,1988
180,Eros Ramazzotti,La Cosa Mas Bella,265,Donde Hay Música (Spanish Version),1996
181,Ricardo Montaner,Tan Enamorados,256,Ricardo Montaner Volumen 2,1988
182,Franco De Vita,Louis,309,Al Norte Del Sur,1988
183,Alex Ubago,Aunque no te pueda ver,266,Fantasía o realidad,2003
184,Luis Fonsi,No Me Doy Por Vencido,239,Palabras Del Silencio (Edición Aniversario - Un Año Despues),2008
185,Norbert,La Cartera,222,Transición y Creación,2023
186,Mecano,Hijo de la Luna,260,Entre El Cielo Y El Suelo,1986
187,Alexander Acha,Te amo,233,Voy,2008
188,Los Enanitos Verdes,Luz De Dia,268,Nectar,1999
189,Chayanne,Humanos a Marte,225,En Todo Estaré (Deluxe Edition),2014
190,Eros Ramazzotti,Otra Como Tu,281,Todo Historias,1993
191,Nek,Laura no està,225,Nek (spanish version),1997
192,Camila,Mientes,205,Dejarte De Amar,2010
193,Mijares,Para Amarnos Más,206,21 Black Jack,1992
194,Enrique Iglesias,Por Amarte,244,Enrique Iglesias,1995
195,Ricky Martin,Tal Vez,279,Almas Del Silencio,2003
196,Mijares,Bella,224,Mis Mas Grandes Éxitos,1998
197,Alejandro Fernández; Christina Aguilera,Hoy Tengo Ganas De Ti,291,Confidencias,2013
198,Camila,Abrázame,230,Todo Cambio,2006
199,Luis Fonsi,Corazón En La Maleta,221,8,2014
200,Lirow,"Amor, Amor",255,La Carta,2016
201,Luis Fonsi; Aleks Syntek; Noel Schajris; David Bisbal,Aqui Estoy Yo,251,Palabras Del Silencio (Edición Aniversario - Un Año Despues),2008
202,Ana Gabriel,Evidencias,256,Silueta,1992
203,Daniel Santacruz,Santo Remedio - Afro Remix,182,Larimar (Deluxe Edition),2022
204,Armando Manzanero; Lisset,Nada Personal,191,Te Amo Tv - Exitos Originales de las Telenovelas,2021
205,Ricardo Montaner,Déjame llorar,312,Ricardo Montaner Con La London Metropolitan Orchestra,1990
206,Vanda,Despegar,205,Invisible Girl,2022
207,Shakira,Tú,214,Donde Estan Los Ladrones,1998
208,Virgi Dart,Inevitable,182,Inevitable,2023
209,Luis Miguel,Amarte es un placer,211,Amarte Es Un Placer,1999
210,Mijares,Soldado Del Amor,218,El Rey De La Noche,1990
211,Chayanne,Completamente Enamorados,258,Tiempo De Vals,1990
212,Aviadores #SinEscala,Quiero Repetir,226,Quiero Repetir,2022
213,Tiziano Ferro,No me lo puedo explicar,240,111 Ciento Once,2003
214,Reyli Barba,Amor del Bueno,242,Reyli En La Luna,2004
215,Daniel Santacruz; Pavel Nuñez,Hay Amores,213,Radio Rompecorazones,2008
216,Gloria Trevi,Con los Ojos Cerrados,210,Me Siento Tan Sola,1992
217,Alexander Acha,Amiga,195,La vida es,2011
218,PEGASO,Pa Que Te Enamores,209,305,2020
219,Andrés Calamaro,Flaca,277,Alta Suciedad,1997
220,Soda Stereo,En La Ciudad De La Furia - Remasterizado 2007,346,Doble Vida (Remastered),1988
221,Daniel Santacruz,A Dónde Va El Amor (Pop Version),250,Radio Rompecorazones,2008
222,Vico C,Me Acuerdo,359,VICO-C Digital Collection 1987-2007,2007
223,Aymée Nuviola,No me parece - Kizomba,191,No me parece (Kizomba),2023
224,Chayanne,Un Siglo Sin Ti,281,Chayanne,1998
225,Rocío Dúrcal,Amor Eterno,408,Amor Eterno,1984
226,Juan Luis Guerra 4.40,Estrellitas y Duendes,266,Bachata Rosa,1990
227,Alejandra Guzman,Hacer El Amor Con Otro,283,Flor De Piel,1991
228,Franco De Vita; Sin Bandera,Si la Ves (feat. Sin Bandera),248,Stop,2004
229,Gianluca Grignani,Mi Historia Entre Tus Dedos,310,Destino Paraiso,1995
230,Braulio Jacob; Moises Montero.,Se Terminó,333,Se Terminó,2023
231,Onda Vaselina,"Te Quiero Tanto, Tanto",187,Entrega Total,1998
232,Chayanne,Y Tú Te Vas,285,Chayanne,1998
233,Mila Manes,Tu Amor,147,Tu Amor,2023
234,Amanda Miguel,Castillos,261,El Sonido Vol. 2,1983
235,Alejandro Sanz,Mi soledad y yo,299,Alejandro Sanz 3,1995
236,Marco Antonio Solís,Mi Eterno Amor Secreto,223,Trozos De Mi Alma,2003
237,David Cavazos,Bruja hada,251,Antes y despues,2009
238,Enrique Iglesias,Experiencia Religiosa,332,Enrique Iglesias,1995
239,ZELAYA,Se Va,144,Se Va,2022
240,Cristian Castro,No Podras,240,Agua Nueva,1992
241,Alex Ubago; Amaia Montero,Sin miedo a nada (feat. Amaia Montero),310,¿Qué pides tú? (Argentina),2001
242,Henry Santos,Me Dejó,212,Me Dejó,2023
243,Daniel Peña; Paquito Guzman,Quizas Quizas,193,Sancocho,2017
244,Alejandro Fernández,Qué Voy a Hacer Con Mi Amor,245,A Corazón Abierto,2004
245,Reik,Creo en Ti,163,Peligro,2011
246,Chayanne,Si Nos Quedara Poco Tiempo,199,Mi Tiempo (Deluxe Edition),2007
247,Ricky Martin,A Medio Vivir,281,A Medio Vivir,1995
248,Laura Pausini,Amores extraños - Versión 2001,257,Lo mejor de Laura Pausini - Volveré junto a ti,2001
249,Marc Anthony,Y Cómo Es El,240,Iconos,2010
250,Dioris,Una Vez Más,219,Una Vez Más,2023
251,Eros Ramazzotti,Por Ti Me Casare,242,Musica Es,1988
252,Magneto,Para Siempre,250,La Historia De Magneto,2007
253,Laura Pausini,Víveme,236,Escucha,2004
254,La Oreja de Van Gogh,Rosas,236,Lo Que Te Conte Mientras Te Hacias La Dormida,2003
255,Jesse y Joy,Mi tesoro,209,Soltando Al Perro (USA),2014
256,Alejandro Fernández,Se Me Va La Voz,240,Dos Mundos - Evolución,2009
257,Amanda Miguel,Él Me Mintió,221,El Sonido Vol. 1,1981
258,Marco Antonio Solís,¿A Dónde Vamos A Parar?,228,En Total Plenitud,2010
259,David Bisbal,Mi Princesa,202,Sin Mirar Atrás,2009
260,Daniel Santacruz,No Me Sueltes,209,Lo Dice la Gente,2014
261,Miguel Bosé,Si tú no vuelves,278,Bajo El Signo De Caín,1993
262,Franco De Vita,No Basta,272,Mis 30 Mejores Canciones,1989
263,Marco Antonio Solís,Si No Te Hubieras Ido,287,Trozos De Mi Alma,1999
264,Enrique Iglesias; Juan Luis Guerra 4.40,Cuando Me Enamoro,200,Euphoria (Standard US/Latin version),2010
265,Camila,Todo Cambió,193,Todo Cambio,2006
266,Grupo Aurora,Maldición,215,Maldición,2023
267,Sin Bandera,Que Lloro,240,De Viaje,2003
268,La Secta AllStar,La Locura Automática,288,Consejo,2005
269,Mickey Then,Sin Piedad,159,Sin Piedad,2023
270,Camila,Coleccionista de Canciones,306,Todo Cambio,2006
271,Sin Bandera,Mientes Tan Bien,227,De Viaje,2003
272,Pablo Alborán; Jesse y Joy,Dónde está el amor (feat. Jesse y Joy),233,Tanto (Edición Premium),2012
273,Henry Santos,Me Dejó,212,Me Dejó,2023
274,Vinny Rivera; DerekVinci; El Tiguere,Todos,201,Todos,2023
275,Jesse y Joy; Mario Domm,Llorar (feat. Mario Domm),225,¿Con Quién Se Queda El Perro? (Deluxe),2012
276,Yahir,No te apartes de mí,245,No Te Apartes De Mí,2005
277,J Salez; Vinny Rivera; DerekVinci,Un X100To - Bachata Version,226,Un X100To (Bachata Version),2023
278,Chayanne,Me Enamoré de Ti,263,No Hay Imposibles,2010
279,Sin Bandera,Que Me Alcance la Vida,228,Mañana,2005
280,Alejandro Sanz,"Y, ¿Si fuera ella?",323,Más,1997
281,Río Roma,Por Eso Te Amo,208,Al Fin Te Encontré,2011
282,Henry Santos; Lirow; Daniel Santacruz,Weekend,228,Friends & Legends,2021
283,Alex Ubago,Sin miedo a nada,310,¿Qué pides tú? (Argentina),2001
284,Lucero,Tacticas De Guerra,217,La Más Completa Colección [Pop (CD1)],2009
285,Prophex,Sensual (Smile),227,Sensual (Smile),2023
286,Kalimba,Duele (Crazy),230,Negroklaro,2007
287,Reyli Barba,La Descarada,203,Reyli En La Luna,2004
288,Daniel Santacruz,Envenenao,203,Envenenao,2022
289,Alexandre Pires,Usted Se Me Llevo la Vida,272,É Por Amor,2001
290,Ricardo Arjona,El Problema,330,Santo Pecado,2002
291,Lirow; Grupo Extra,Se Va a Beber,219,Se Va a Beber,2022
292,Ricardo Arjona,Pingüinos en la Cama,228,Adentro,2005
293,Fonseca,Te Mando Flores,228,Corazón,2005
294,Johandy,Y Si Te Vas,227,Y Si Te Vas,2018
295,Leonel García,Para Empezar,258,Tú,2011
296,Luis Miguel,Entrégate,263,20 Años,1990
297,Shakira,Antologia,254,Pies Descalzos,1995
298,Jesse y Joy,Dueles,247,Un Besito Más,2015
299,DJ Ramon; Bachata Plus,Supongo Que Lo Sabes (Bachata),239,Supongo Que Lo Sabes (Bachata),2023
300,Quevedo,VISTA AL MAR,180,VISTA AL MAR,2022
301,Jesse y Joy,Espacio sideral,222,Esta Es Mi Vida,2006
302,Bacilos,Tabaco Y Chanel,312,Bacilos (Re-Issue),2001
303,Vicentico,No Te Apartes de Mí,198,Vicentico 5,2012
304,Jesse y Joy,Llegaste tú,246,Esta Es Mi Vida,2006
305,Natalia Jiménez,Creo en Mi,229,Creo en Mi,2015
306,Cristian Castro,Lloviendo Estrellas,256,Grandes Hits,2002
307,Obie Bermudez,Antes,218,Confesiones,2003
308,Juan Luis Guerra 4.40,Mi Bendición,188,Asondeguerra,2010
309,Laura Pausini,En cambio no,237,Primavera anticipada,2008
310,Los Enanitos Verdes,Tu Carcel - En Vivo,242,En Vivo,2004
311,Miguel Bosé,Morena mía,291,Sereno,2001
312,Enrique Iglesias,¿Dónde Están Corazón?,259,¿Dónde Están Corazón?,2008
313,OV7,"Te Quiero Tanto, Tanto - (En Vivo)",268,OV7 Primera Fila,2010
314,Diego Torres,Color Esperanza,267,Un Mundo Diferente,2001
315,Maná,Eres Mi Religión - 2020 Remasterizado,329,Revolución De Amor (2020 Remasterizado),2002
316,Río Roma; Fonseca,Caminar de Tu Mano (feat. Fonseca),206,Eres la Persona Correcta en el Momento Equivocado (Deluxe Edition),2017
317,Marc Anthony,Flor Pálida,280,3.0,2013
318,Andrés Cepeda,Lo Mejor Que Hay en Mi Vida,214,Lo Mejor Que Hay en Mi Vida,2012
319,Reik,Tu Mirada,200,Peligro,2011
320,Ricardo Montaner,Me Va A Extranar,256,Un Toque De Misterio,1989
321,Luis Miguel,Hasta Que Me Olvides,281,Aries,1993
322,José José,Si Me Dejas Ahora,272,Si Me Dejas Ahora,1979
323,Luis Miguel,Fría Como El Viento,235,Busca Una Mujer,1988
324,Maná,Te Lloré Un Río,292,¿Dónde Jugarán Los Niños?,1992
325,La Oreja de Van Gogh,La Playa,247,El Viaje de Copperpot,2000
326,Los Enanitos Verdes,Lamento Boliviano,222,Big Bang,1994
327,Soda Stereo,De Música Ligera - Remasterizado 2007,212,Canción Animal (Remastered),1990
328,Maná,En El Muelle de San Blas,352,Sueños Líquidos,1997
329,Los Fabulosos Cadillacs,El Matador,273,Vasos Vacios,1994
330,Andrés Calamaro,Alta suciedad,265,Andres,2009
331,Té de Brujas,Los 90's,200,Los 90's,2021
332,Café Tacvba,Eres,267,Cuatro Caminos,2003
333,Los Enanitos Verdes,La Muralla Verde,161,Originales - 20 Exitos,1986
334,Los Caligaris,Razón,195,Bailarín Apocalíptico,2011
335,Stokoff,No Te Vas a Arrepentir,205,No Te Vas a Arrepentir,2023
336,Duncan Dhu,En algún lugar,235,El Grito Del Tiempo,1987
337,Hombres G,Devuélveme a mi chica,194,Hombres G (Edición 30 Aniversario),1985
338,Vilma Palma e Vampiros,Bye bye,349,Lo Mejor de Vilma Palma,2003
339,SER; Thiago Muller,Esta Noche,205,Esta Noche,2023
340,Enrique Hellmers,Te Pillé,202,Juventud,2019
341,La Unión,Lobo-hombre en París,233,Grandes Exitos,2000
342,Caifanes,Afuera,288,El Nervio Del Volcan,1994
343,Nathalie Hazim,Mas de Lo Que Soñe,222,Más de Lo Que Soñé,2020
344,La Mosca Tse-Tse,Para No Verte Más,191,Visperas De Carnaval,2000
345,La Ley,Mentira,288,La Ley MTV Unplugged,2001
346,Discipulos,Error Universal,164,No Sabe'que,2017
347,NICOLA,Tan Espiritual,207,Amistad es lo primero,2022
348,Heroes Del Silencio,Entre dos tierras,368,Senderos De Traición - Edición Especial,1990
349,Coral Campopiano; Jorge Serrano,Mejor Que Tu Amor,188,Mejor Que Tu Amor,2022
350,El Tri,Triste canción,342,Simplemente,1987
351,Albertucho,La manzana prohibida,177,La manzana prohibida,2023
352,Julieta Venegas,Sin Documentos,227,Calamaro Querido!! Cantando Al Salmón Parte 2,2006
353,Cobardes,En otros labios,253,Que empiece el baile,2023
354,Radio Futura,Veneno en la Piel,225,Caja de Canciones,1984
355,Fehr Rivas,Tu Amuleto,269,Tu Amuleto,2022
356,Milongas Extremas; La Vela Puerca,Dice - En Vivo,271,Dice (En Vivo),2023
357,Los Fabulosos Cadillacs,"Manuel Santillán, el León (Versión Reggae) - Remasterizado 2008",237,El León,1992
358,Zaravia,MULTIVERSO,223,MULTIVERSO,2022
359,Inspector,Me Estoy Enamorando,243,Ska a La Carta,2012
360,Los Amantes De Lola,Beber de Tu Sangre,276,Rock En Espanol - Lo Mejor De Los Amantes De Lola,2001
361,Los Abuelos De La Nada,Mil Horas,169,Cronicas,2007
362,Los Auténticos Decadentes,La Guitarra,218,Mi Vida Loca,1995
363,La Ley,El Duelo,194,Invisible,1995
364,Uri; Rodridi; BAMBI,olvidARTE,147,olvidARTE,2023
365,Café Tacvba,Como te extraño mi amor,214,Avalancha de éxitos,1996
366,Charly García,No Voy en Tren,182,Los Clásicos Del Rock En Tu Idioma,2010
367,Soda Stereo,Cuando Pase El Temblor - Remasterizado 2007,229,Nada Personal (Remastered),1985
368,Heroes Del Silencio,Maldito duende,253,Senderos De Traición - Edición Especial,1990
369,Scones de la Chola,Hagamos el Amor,154,Hagamos el Amor,2020
370,Radio Futura,Escuela de Calor,210,Caja de Canciones,1984
371,Los Prisioneros,Tren Al Sur,336,Corazones,1990
372,Pepe Bernabé; Lu Decker,NO PUEDO BORRARTE,198,NO PUEDO BORRARTE,2023
373,Maná,Clavado en Un Bar,310,Sueños Líquidos,1997
374,Sergio Marcos,El Capitán,152,El Capitán,2022
375,Elefante,Así Es la Vida,310,El Que Busca Encuentra,2001
376,Pablo Martin,Solo Tus Canciones,232,Solo Tus Canciones,2021
377,Fito Paez,El amor después del amor,311,El Amor Después del Amor,1992
378,Isaac Montijo; Roco Pachukote; Heber,El Coyote Del Barrio,204,El Coyote Del Barrio,2023
379,Jadeh,Sé,248,Sé,2022
380,Daniela Milagros,Fuiste,140,Fuiste,2022
381,El Barbas; Marea; Dikers; Kolibrí Díaz; Iker Piedrafita,La Muerte del Verdugo,257,La Muerte del Verdugo,2023
382,Zaravia,Algún Día,203,Algún Día,2021
383,Maná,Oye Mi Amor,263,¿Dónde Jugarán Los Niños?,1992
384,Chica Sobresalto; Celia Becks,La Monogamia,237,La Monogamia,2023
385,Cuca,El Son del Dolor,240,La Invasion De Los Blatidos,1992
386,Éxtasis,No sé cuánto tiempo,201,No sé cuánto tiempo,2022
387,Los Ronaldos,No Puedo Vivir Sin Ti,254,4 Canciones,2007
388,Javi Robles,Mi Frase Favorita,136,Mi Frase Favorita,2023
389,El Último De La Fila,Insurreccion (En Directo),134,Insurreccion (En Directo),2015
390,Andrés Calamaro,La parte de adelante,261,Honestidad Brutal,1999
391,Los Rodriguez,Dulce condena,281,¡Hasta luego!,1996
392,Jadeh,Vicio,225,Vicio,2023
393,Bocanada,Bocanada,247,Bocanada,2023
394,Leiva,Como Si Fueras a Morir Mañana,240,Nuclear,2019
395,DLUE,Es Mejor Decir Adiós,228,Es Mejor Decir Adiós,2020
396,Bruno Lippi; Willi 'Los Tipitos',Nena,233,Nena,2022
397,Ciclonautas,Abrazado a un Misil,207,Camping del Hastío,2021
398,Los Fabulosos Cadillacs,Vasos Vacíos - Remasterizado 2008,279,El Ritmo Mundial,1988
399,Té de Brujas,Yo Mismo,319,Yo Mismo,2018
400,Nino Leone; Dj Garay Beats,Sustenta a Botada,164,Sustenta a Botada,2023
401,Nino Leone; Goodboysut,Funk de Hogwarts,126,Funk de Hogwarts,2023
402,MC Kevinho; 2 Chainz; French Montana; Nacho,Olha A Explosão - Remix,210,Olha A Explosão (Remix),2018
403,MC Fioti; Future; J Balvin; Stefflon Don; Juan Magán,Bum Bum Tam Tam,213,Bum Bum Tam Tam,2017
404,Anitta; ZAAC; Maejor; Tropkillaz; DJ Yuri Martins,Vai malandra (feat. Tropkillaz y DJ Yuri Martins),201,Vai malandra (feat. Tropkillaz & DJ Yuri Martins),2017
405,Bonde R300,Oh Nanana,217,Oh Nanana,2017
406,Tropkillaz; J Balvin; Anitta; ZAAC,Bola Rebola,193,Bola Rebola,2019
407,MC's Zaac; Jerry Smith,Bumbum granada,187,Bumbum granada,2017
408,Dj LK da Escócia; Tchakabum; MC Ryan SP; mc jhenny; Mc RF,Tubarão Te Amo,149,Tubarão Te Amo,2022
409,MC Kevinho,Rabiola,175,Rabiola,2017
410,MC Kevinho; Leo Santana,Encaixa,169,Encaixa,2017
411,MC Kevin o Chris,Ela É do Tipo,204,Ela É do Tipo,2019
412,Dj Scuff,Plakiti,135,Plakiti,2017
413,J Balvin; Jeon; Anitta,Machika,189,Vibras,2018
414,Mc Delux; DJ ABDO; CLUB DA DZ7,EU BEM QUE TE AVISEI - TU EMPINOU ELE PEI,158,EU BEM QUE TE AVISEI - TU EMPINOU ELE PEI,2022
415,MC Mazzie; Mc Rd; DJ NpcSize; DJ Wizard,Ele Te Bota Soca Soca,180,Ele Te Bota Soca Soca,2021
416,Blessmon,Portuguese,139,Portuguese,2023
417,Major Lazer; Anitta; Pabllo Vittar,Sua Cara,167,Know No Better,2017
418,MC MENOR HR; MC MENOR SG; DJ ESCOBAR,Evoque Prata,107,Evoque Prata,2022
419,DJ GUDOG,BEAT MÁGICO QUE MEXE COM A SUA MENTE,155,BEAT MÁGICO QUE MEXE COM A SUA MENTE,2022
420,Mc Delux; DJ Guih Da ZO,Se Voce Nao Quer Passa a Vez,133,Se Voce Nao Quer Passa a Vez,2022
421,MC Teuzin PV; MC Skcot,Joga Essa Rabeta,155,Joga Essa Rabeta,2022
422,MC L da Vinte; MC Gury,Parado no Bailão,171,Parado no Bailão,2018
423,Mc Rd,Ele Te Bota Soca Soca,181,Ele Te Bota Soca Soca,2022
424,Mc Delux; MC Guto VGS; DJ PAVANELLO; MC Mazzie,Baforando Sentando Com a Xereca Rosa,142,Baforando Sentando Com a Xereca Rosa,2021
425,MC Lan,Rabetão,170,Rabetão,2017
426,Sérgio Mendes,Magalenha,216,Brasileiro,1992
427,Mc Don Juan; MC G15; Mc Davi,EU VOU COM CARINHO ELA QUER COM FORÇA,144,EU VOU COM CARINHO ELA QUER COM FORÇA,2022
428,MC Rafa 22,Bota o Bundão pra Aquecimento,108,Bota o Bundão pra Aquecimento,2018
429,DJ Jr do MD; Kroos,Toma Botada,167,Toma Botada,2022
430,Mc Delux; DJ Guih Da ZO,Chama o Coveiro,129,Chama o Coveiro,2022
431,MC Gustta; MC DG,Abusadamente,215,Abusadamente,2017
432,MC Teuzin PV; MC Skcot,Eu Já Sofri por Amor Mas Não Sofro Mais (Tik Tok),134,Eu Já Sofri por Amor Mas Não Sofro Mais (Tik Tok),2022
433,MC Kaique da VP; DJ SKYPE,Taca a Xereca pra Mim,260,Taca a Xereca pra Mim,2021
434,DJ BRUNIN DA NT; Mc Topre,ESSE É LADRÃO,213,ESSE É LADRÃO,2021
435,"Mc Talibã,MC 3L",Um Sabadão Desse Uma Lua Dessa,172,Um Sabadão Desse Uma Lua Dessa,2020
436,Michel Teló,Ai Se Eu Te Pego,170,Só Sucesso 40+,2019
437,WC no Beat; MC Cabelinho; Pk; MC Hariel; Orochi,Meu Mundo,284,18K,2018
438,MC Levin; DJ Nikolas Alves Exclusive; DJ Kaioken; DJ Gege,Ela me Falou Que Quer Rave,235,Ela me Falou Que Quer Rave,2021
439,MC Levin,Sua amiga deu,178,Sua amiga deu,2019
440,DJ Gege; Dj Guuga,Agora Chora,165,Agora Chora,2020
441,Mc Livinho; Mc Pedrinho; Perera DJ,Se Prepara 2,147,Se Prepara 2,2019
442,Bakermat,Baianá,180,The Ringmaster,2020
443,Gusttavo Lima,Balada,201,Caribe 2012: Ai Se o Verão Te Pega!,2012
444,MC Bruninho; Vitinho Ferrari; Dj DG; Batidão Stronda,Sou Favela,209,Sou Favela,2018
445,L7NNON; DJ Biel do Furduncinho; Bianca,Ai Preto,131,Ai Preto,2022
446,Mc João,Baile de Favela,170,Mc João,2016
447,Mc Don Juan,Vai Voltar Chorando,214,Vai Voltar Chorando,2018
448,Dadá Boladão; Tati Zaqui; OIK,Surtada - Remix Brega Funk,152,Surtada (Remix Brega Funk),2019
449,DENNIS; Mc Don Juan,Te Prometo,161,Te Prometo,2019
450,Davi Kneip; Mc Frog; Dj Gabriel do Borel; Luísa Sonza,sentaDONA (Remix) s2,125,sentaDONA (Remix) s2,2022
451,Axe Bahia,Beso en la Boca - Versión Español,208,Melhores Sucessos,2010
452,Mc Tota,Tereu Teu Teu,196,Tereu Teu Teu,2020
453,PEDRO SAMPAIO; Felipe Original; JS o Mão de Ouro,SENTADÃO,143,SENTADÃO,2019
454,DJ MESQUITA DE NV; DJ MESQUITA,Mtg Beat Fino Dança do Pombo,98,Mtg Beat Fino Dança do Pombo,2022
455,DJ Chino; Bebo Yau,Mami Quiebra la Cintura,139,Mami Quiebra la Cintura,2020
456,Niack,Oh Juliana,153,Oh Juliana,2020
457,MC Fioti,Joga O Bum Bum Tam Tam,155,Joga O Bum Bum Tam Tam,2017
458,Deavele Santos,Pra pra pra,142,Plutão,2022
459,Anderson Neiff; John Johnis,Ela Já Tá Louca,147,Ela Já Tá Louca,2021
460,MC PG; DJ LUCIANO DE CAXIAS; dj Douglas dedo Magico,Toma Bala,132,Toma Bala,2022
461,MC Kevinho,O Grave Bater,181,O Grave Bater,2017
462,Mc Delux; DJ Guih Da ZO,Tu Hablas Espanhol,126,Tu Hablas Espanhol,2022
463,MC Kevinho,Olha A Explosão,162,Olha A Explosão,2016
464,MC Levin,Vai perereca,108,Vai perereca,2018
465,Mc Paiva ZS; MC Ryan SP; Kotim,Casei Com a Putaria,157,Casei Com a Putaria,2022
466,Mc Pepeu; DJ Swat,Gostosinho Tu Cai,132,Gostosinho Tu Cai,2022
467,Niack,"Bruna, Tu Já Parou Pra Pensar",162,"Bruna, Tu Já Parou Pra Pensar",2022
468,Dyamante DJ; Mc Gw,Sentadinha Diferente,123,Sentadinha Diferente,2022
469,DJ AK BR; Dj Darge,Melodia Alucinógena,183,Melodia Alucinógena,2022
470,MC Kevin o Chris,Incendeia,239,Incendeia,2022
471,Mc Jacaré; Dj Tk,Vento Forte,123,Vento Forte,2022
472,Mc Gabzin; DJ TAK VADIÃO; dj sv,O Poder Dessa Garota,136,O Poder Dessa Garota,2022
473,MC Braz; MC Tairon; Dj Win,Kikando e Me Olhando,210,Kikando e Me Olhando,2022
474,MC Tairon; Mc Vitin Da Igrejinha; Dj Win,Baile no Morro,140,Baile no Morro,2022
475,Zé Felipe,Malvada,145,Malvada,2022
476,Dj Guuga; Wesley Safadão; Zé Felipe,Depende,156,Depende,2022
477,Mc Th; DJ Tacinho; Dj Terrorista; Medellin,"Calma Bb, Tá nos Melhores Amigos",131,"Calma Bb, Tá nos Melhores Amigos",2021
478,Mc Gabzin,Simplesmente Ela,161,Simplesmente Ela,2022
479,Mc Danone; Mc Frog,Pegada de Malvado,107,Pegada de Malvado,2021
480,Felipe Cardoso DJ; Mc Fopi,Bota a Mão no Chão,118,Bota a Mão no Chão,2021
481,Mc Davi; Mc Pedrinho; Mc Don Juan; DJ 900,Bipolar,276,Bipolar,2021
482,MC Kevinho; Tainá Costa; Mad Dogz,Desce com Pressão,195,Desce com Pressão,2020
483,Mc Davi; MC Kevinho,Jogando o Bumbum,137,Jogando o Bumbum,2016
484,MC G15,Deu Onda,143,Deu Onda,2016
485,MC Kevinho,Tumbalatum,123,Mc Kevinho,2016
486,MC Kevinho,Tô Apaixonado Nessa Mina,196,Tô Apaixonado Nessa Mina,2017
487,MC Tullin; MC Dog,Socadão,114,Socadão,2017
488,MC Dennin,Faz a Fila,125,Faz a Fila,2020
489,Mc Delux; DJ Lemix,Ai Ai Ai Calma,153,Ai Ai Ai Calma,2022
490,Mc Toy; DJ Alef Rodrigo; DJ FELYPINHO 013,Me Chama de Cachorrão 2,166,Me Chama de Cachorrão 2,2022
491,MC Guto VGS; DJ Patrick R; DJ TOM BEAT V8,Vo Bota na Xota Vs na Xota Pock Pock,137,Vo Bota na Xota Vs na Xota Pock Pock,2022
492,MC K.K; Dj TG Beats; Dj Aurélio; MC Lipivox,Agudo Mágico 3,174,Agudo Mágico 3,2022
493,MC Pipokinha; DJ Pablo RB; Noguera DJ; DJ FELYPINHO 013,Bota na Pipokinha (feat. DJ FELYPINHO 013),193,Bota na Pipokinha,2021
494,PEDRO SAMPAIO; Anitta; Dadju; Mc Pedrinho; Nicky Jam,"DANÇARINA (feat. Nicky Jam, MC Pedrinho) - Remix",212,"DANÇARINA (feat. Nicky Jam, MC Pedrinho) [Remix]",2022
495,MC Kevinho; Mc Pedrinho,LOUCA,142,LOUCA,2022
496,MC Kevinho,Piripaque,124,Piripaque,2022
497,Os Quebradeiras; Mousik; Machadez,Pagodão do Birimbola (Tchubirabirom),125,Pagodão do Birimbola (Tchubirabirom),2022
498,Selton DJ,MEGA DO TIMBALAND,156,MEGA DO TIMBALAND,2021
499,Luísa Sonza; Xamã,MAMA.CITA (hasta la vista),152,MAMA.CITA (hasta la vista),2022
500,Axeblowz ft Mc Flavinho; DJ PV do SI,Ela é faixa preta,182,Ela é faixa preta,2023
501,Nilson Neto,Passe Livre,173,Passe Livre,2023
502,Mc Larissa; Mc Lekão; DJ Arana,Famoso Machuca Xota,169,Famoso Machuca Xota,2023
503,MC Kevin o Chris; BUARQUE,Aquecimento Senta Senta Suave,152,Tamborzão Raiz,2022
504,Mc Don Juan; Dj Guuga,Acabou Você Não Deu Valor,198,Acabou Você Não Deu Valor,2021
505,Ice Cube,It Was A Good Day,260,The Predator,1992
506,Ice Cube,Gangsta Rap Made Me Do It,281,Raw Footage,2008
507,CEO Trayle,Chokehold,203,HH5,2022
508,Robsan,Atlas,144,Atlas,2023
509,Robsan; Krispel; Ro Bless,Thursday,127,Thursday,2023
510,Robsan; Ro Bless; Krispel,Oh Well,144,Oh Well,2023
511,TrippyThaKid; Tray Bndo; Robsan,Dem Boyz,182,Dem Boyz,2022
512,Jordan Webb,CLIFFSIDE,145,Cliffside,2023
513,CEO Trayle,Craxk Flow,147,HH5,2022
514,Nature; Sheek Louch,Thun Block,153,Legendary Status,2023
515,Robsan,Diamonds,144,Diamonds,2022
516,Dyrect; Drae Slapz; Brookfield Duece,On Dis,127,On Dis,2023
517,Ice Cube,The Nigga Ya Love To Hate,193,AmeriKKKa's Most Wanted,1990
518,Ice Cube,You Know How We Do It,232,Lethal Injection,1993
519,Robsan; Krispel,Remember My Name,138,Remember My Name,2020
520,Karri,3AM in Oakland,206,3AM in Oakland,2023
521,Ice Cube,No Vaseline,313,Death Certificate (25th Anniversary Edition),2017
522,Ozito; Yesquen,While I Land,202,While I Land,2023
523,Ice Cube; Das EFX,Check Yo Self - Remix,273,Bootlegs And B-Sides,1994
524,Ice Cube,Why We Thugs,224,"Laugh Now, Cry Later",2006
525,Busta Rhymes,Holla,274,Genesis,2001
526,Robsan; Krispel,Strivin',196,Strivin',2021
527,LLD,Love or Lust,108,Love or Lust,2023
528,Robsan,Take Five,181,Take Five,2021
529,House Of Pain,Jump Around,214,House of Pain (Fine Malt Lyrics),1994
530,Roy Jones Jr.; Mr Magic; Trouble,Can't Be Touched (feat. Mr. Magic y Trouble),214,"Body Head Bangerz, Vol. 1",2004
531,Eazy-E,Real Muthaphuckkin' G's,332,Gangsta Memorial,2007
532,Eazy-E,Ole School Shit,242,Gangsta Memorial,2007
533,Eazy-E; Dr. Dre; MC Ren,Radio,298,Gangsta Memorial,2007
534,Eazy-E,It's On,302,It's On (Dr. Dre) 187um Killa,1993
535,Eazy-E,No More ?'s,234,Eazy-Duz-It,1988
536,Eazy-E,Boyz-N-The-Hood,339,N.W.A. And The Posse,1987
537,Luniz,I Got 5 On It - Clean Mix,245,The Lost Tapes 2,2008
538,Dr. Dre; Snoop Dogg,Still D.R.E.,270,2001,1999
539,Dr. Dre; Hittman; Six-Two; Nate Dogg; Kurupt,Xxplosive,215,2001,1999
540,Dr. Dre; Snoop Dogg,"Nuthin' But A ""G"" Thang",238,The Chronic,1992
541,Dr. Dre,Fuck Wit Dre Day (And Everybody's Celebratin'),292,The Chronic,1992
542,Dr. Dre; Eminem; Xzibit,What's The Difference,244,2001,1999
543,Dr. Dre; Snoop Dogg,The Next Episode,161,2001,1999
544,Dr. Dre; Eminem,Forgot About Dre,222,2001,1999
545,Eazy-E; Dr. Dre,Eazy-er Said Than Dunn,220,Gangsta Memorial,2007
546,Dr. Dre; Snoop Dogg,Deep Cover,250,The Sound of Snoop Doggy Dogg,2006
547,Ice Cube; Dr. Dre; MC Ren,Hello,232,War & Peace Vol. 2 (The Peace Disc),2000
548,The Notorious B.I.G.,Big Poppa - 2005 Remaster,252,Ready to Die (The Remaster),1994
549,The Notorious B.I.G.,Who Shot Ya? - 2005 Remaster,319,Ready to Die (The Remaster),1994
550,The Notorious B.I.G.,Juicy - 2005 Remaster,302,Ready to Die (The Remaster),1994
551,The Notorious B.I.G.,Hypnotize - 2014 Remaster,229,Life After Death (2014 Remastered Edition),1997
552,The Notorious B.I.G.,Notorious Thugs - 2014 Remaster,366,Life After Death (2014 Remastered Edition),1997
553,The Notorious B.I.G.,I Got a Story to Tell - 2014 Remaster,283,Life After Death (2014 Remastered Edition),1997
554,The Notorious B.I.G.,Going Back to Cali - 2014 Remaster,307,Life After Death (2014 Remastered Edition),1997
555,The Notorious B.I.G.,Gimme the Loot - 2005 Remaster,285,Ready to Die (The Remaster),1994
556,The Notorious B.I.G.; Mase; Diddy,Mo Money Mo Problems (feat. Puff Daddy y Mase) - 2014 Remaster,257,Life After Death (2014 Remastered Edition),1997
557,The Notorious B.I.G.,One More Chance - 2005 Remaster,283,Ready to Die (The Remaster),1994
558,The Notorious B.I.G.; 112,Sky's the Limit (feat. 112) - 2014 Remaster,329,Life After Death (2014 Remastered Edition),1997
559,The Notorious B.I.G.,Warning - 2007 Remaster,219,Greatest Hits,2007
560,Matoma; The Notorious B.I.G.; Ja Rule; Ralph Tresvant,Old Thing Back (feat. Ja Rule and Ralph Tresvant),321,Old Thing Back (feat. Ja Rule and Ralph Tresvant),2015
561,Junior M.A.F.I.A.,Get Money,274,Conspiracy (PA),1995
562,2Pac,All Eyez On Me,307,All Eyez On Me,1996
563,2Pac; Outlawz,Breathin,244,Until The End Of Time,2001
564,Scarface; Johnny P; 2Pac,Smile,300,Greatest Hits,2010
565,Makaveli,Hail Mary,309,The Don Killuminati: The 7 Day Theory,1996
566,2Pac,California Love,347,2Gangsta 2Die,2019
567,2Pac,Ambitionz Az A Ridah,278,All Eyez On Me,1996
568,2Pac,Dear Mama,280,Me Against The World,1995
569,2Pac; Talent,Changes,268,The Best of 2Pac,2007
570,2Pac,Only God Can Judge Me,296,All Eyez On Me,1996
571,2Pac,Can't C Me,330,All Eyez On Me,1996
572,2Pac; Outlawz,Hit 'Em Up - Single Version,312,Greatest Hits,1998
573,The Game; 50 Cent,Hate It Or Love It,206,The Documentary,2005
574,The Game; 50 Cent,How We Do,235,The Documentary,2005
575,G-Unit,Poppin' Them Thangs,240,Beg For Mercy,2003
576,BG Knoccout y Gangsta Dresta,D.P.G. Killa,234,True 2 the Streets: G-Funk Hood Classics,2000
577,50 Cent,Window Shopper,192,Window Shopper,2005
578,50 Cent,Just A Lil Bit,237,The Massacre,2005
579,50 Cent; Olivia,Candy Shop,209,The Massacre,2005
580,50 Cent,P.I.M.P.,249,Get Rich Or Die Tryin',2003
581,50 Cent,In Da Club,193,Get Rich Or Die Tryin',2003
582,50 Cent; Nate Dogg,21 Questions,224,Get Rich Or Die Tryin',2003
583,50 Cent; Da Angels,My Baby,196,Rare,2003
584,50 Cent,Best Friend,251,Get Rich Or Die Tryin'- The Original Motion Picture Soundtrack,2005
585,50 Cent,Pilot,200,Animal Ambition: An Untamed Desire To Win,2014
586,50 Cent,Many Men (Wish Death),256,Get Rich Or Die Tryin',2003
587,50 Cent; Young Buck,I'll Whip Ya Head Boy,235,Window Shopper,2005
588,50 Cent,What Up Gangsta,179,Get Rich Or Die Tryin',2003
589,50 Cent,When It Rains It Pours,242,Get Rich Or Die Tryin'- The Original Motion Picture Soundtrack,2005
590,Coolio; L.V.,Gangsta's Paradise,240,Gangsta's Paradise,1995
591,Snoop Dogg; Jewell; Dr. Dre,Just Dippin',243,The Best Of Snoop Dogg,2005
592,Snoop Dogg,Who Am I (What's My Name)?,246,Doggystyle,1993
593,Snoop Dogg; Daz Dillinger,Gin And Juice (feat. Dat Nigga Daz),211,Doggystyle,1993
594,Snoop Dogg; B-Real,Vato,284,Tha Blue Carpet Treatment,2006
595,Mobb Deep; Lil' Mo,Pray For Me (feat. Lil Mo),200,Infamy,2001
596,DMX,Where The Hood At,286,Grand Champ,2003
597,DMX,X Gon' Give It To Ya,217,The Definition Of X: Pick Of The Litter,2007
598,Cypress Hill; Barron Ricks,Tequila Sunrise,257,The Essential Cypress Hill,2014
599,Cypress Hill,Hits from the Bong,161,The Essential Cypress Hill,2014
600,Cypress Hill,Insane in the Brain,208,Black Sunday,1993
601,Cypress Hill,Lowrider,276,The Essential Cypress Hill,2014
602,Cypress Hill,How I Could Just Kill a Man,248,The Essential Cypress Hill,2014
603,Westside Connection,Gangsta Nation,293,Terrorist Threats,2003
604,Westside Connection,Bow Down,206,Bow Down,1996
605,N.W.A.,Gangsta Gangsta,336,Straight Outta Compton,1988
606,N.W.A.,Fuck Tha Police,345,Straight Outta Compton,1988
607,N.W.A.,Chin Check,221,The Best Of N.W.A: The Strength Of Street Knowledge,2006
608,N.W.A.,Appetite For Destruction,188,The Best Of N.W.A: The Strength Of Street Knowledge,2006
609,N.W.A.,Alwayz Into Somethin',264,Efil4zaggin,1991
610,N.W.A.,Straight Outta Compton,258,Straight Outta Compton,1988
611,N.W.A.,Express Yourself - Remix,261,N.W.A. Greatest Hits,1996
612,Mack 10; Tha Dogg Pound,Nothin' But The Cavi Hit,241,Best Of Mack 10,2007
613,Wu-Tang Clan; Method Man; Raekwon; Inspectah Deck; Buddha Monk,"C.R.E.A.M. (Cash Rules Everything Around Me) (feat. Method Man, Raekwon, Inspectah Deck y Buddha Monk)",252,Enter The Wu-Tang (36 Chambers) [Expanded Edition],1993
614,Wu-Tang Clan; Ol' Dirty Bastard; Inspectah Deck; Method Man; Cappadonna; U-God; RZA; GZA; Masta Killa; Ghostface Killah; Raekwon,"Triumph (feat. Ol' Dirty Bastard, Inspectah Deck, Method Man, Cappadonna, U-God, RZA, GZA, Masta Killa, Ghostface Killah y Raekwon)",338,Wu-Tang Forever,1997
615,Wu-Tang Clan; RZA; Inspectah Deck; Method Man,"Wu-Tang Clan Ain't Nuthing ta F' Wit (feat. RZA, Inspectah Deck y Method Man)",216,Enter The Wu-Tang (36 Chambers) [Expanded Edition],1993
616,DJ Quik,Dollaz + Sense,352,Safe + Sound,1995
617,Kausion; Ice Cube,What You Wanna Do?,250,South Central Los Skanless,1995
618,Tha Dogg Pound; Dr. Dre,What Would U Do?,252,Natural Born Killers,1994
619,Compton's Most Wanted,Hood Took Me Under,219,Music To Driveby,1992
620,Warren G; Nate Dogg; The Game,Party We Will Throw Now!,209,Party We Will Throw Now! - Single,2012
621,Warren G; Nate Dogg,Regulate,248,Regulate… G Funk Era,1994
622,Warren G; O.G.L.B.,This D.J.,203,Regulate… G Funk Era,1994
623,Fat Joe,Deep Cover,145,This Is East Coast Hip Hop,2007
624,Compton's Most Wanted,Streiht Up Menace,274,When We Wuz Bangin,2001
625,M.O.P.; Busta Rhymes; Teflon; Remi Martin,"Ante Up (feat. Busta Rhymes, Teflon y Remi Martin) - Remix",247,Warriorz,2000
626,D12,My Band,298,D-12 World,2004
627,D12,How Come,249,D-12 World,2004
628,Mobb Deep,"Shook Ones, Pt. II",325,The Infamous,1995
629,Ludacris,Act A Fool,270,2 Fast 2 Furious (Soundtrack),2003
630,Akon; Eminem,Smack That,212,Konvicted,2006
631,Flo Rida; T-Pain,Low (feat. T-Pain),231,Mail on Sunday,2008
632,Mobb Deep,Drop A Gem On 'Em,257,Hell On Earth,1996
633,Compton's Most Wanted,Late Night Hype,294,It's A Compton Thang!,1990
634,Compton's Most Wanted,Growin' Up In the Hood,251,Straight Checkn 'Em,1991
635,Bone Thugs-N-Harmony,1st of Tha Month,314,E. 1999 Eternal,1995
636,Spice 1; MC Eiht,The Murda Show (with MC Eiht),267,187 He Wrote,1993
637,Nas,N.Y. State of Mind,293,Illmatic XX,2014
638,Nas; Ms. Lauryn Hill,If I Ruled the World (Imagine That) (feat. Lauryn Hill),282,It Was Written,1996
639,Nas,The World Is Yours,290,Illmatic XX,2014
640,Nas,The Message,234,It Was Written,1996
641,Fat Joe; Remy Ma; French Montana; InfaRed,All The Way Up (feat. Infared),191,Plata O Plomo,2017
642,Big Pun; Fat Joe,Twinz (feat. Fat Joe),228,Capital Punishment (Explicit Version),1998
643,Big Pun; Joe,Still Not a Player (feat. Joe) - Radio Version,236,Capital Punishment (Explicit Version),1998
644,Geto Boys,Mind Playing Tricks on Me,308,We Can't Be Stopped,1991
645,King Tee; Ice Cube; Mc Breeze,Played Like a Piano,286,"""Strait From Compton"" King Ts Greatest Hits",2015
646,Limp Bizkit; Method Man,N 2 Gether Now,289,Significant Other,1999
647,Too $hort,So You Want to Be a Gangster,244,Shorty The Pimp,1992
648,Big L,Put It On,217,Lifestylez Ov Da Poor & Dangerous,1995
649,Big L; Fat Joe,The Enemy (feat. Fat Joe),168,The Big Picture,2016
650,E-40; The Click; D-Shot; B-Legit; Suga T,"Captain Save a Hoe (feat. The Click, D-Shot, B-Legit y Suga T)",287,The Mail Man,1993
651,KRS-One,Sound of da Police,258,Return of the Boom Bap,1993
652,Eminem,Without Me,290,The Eminem Show,2002
653,Eminem,Lose Yourself,326,Curtain Call: The Hits (Deluxe Edition),2005
654,DJ Fluke; Jaki Nelson,Seven Nation Army,156,Seven Nation Army,2021
655,Imanbek; BYOR,Belly Dancer,151,Belly Dancer,2022
656,Naeleck; Haley Reinhart; BYOR,Creep - BYOR Remix,156,Creep (BYOR Remix),2022
657,Tiësto; Tate McRae,10:35,172,10:35,2022
658,Timmy Trumpet; R3HAB; Naeleck,Dom Dom Yes Yes,125,Dom Dom Yes Yes,2023
659,Tiësto; Ava Max,The Motto,164,The Motto,2021
660,David Guetta; Bebe Rexha,I'm Good (Blue),175,I'm Good (Blue),2022
661,ACRAZE; Cherish,Do It To It,157,Do It To It,2021
662,Naeleck; Jenil; Heon Seo,Stay,171,Stay,2021
663,Chris Burke,Can't Get You Out Of My Head,153,Can't Get You Out Of My Head,2023
664,AURAE,Alive,160,Alive,2023
665,Tiësto,Lay Low,153,Lay Low,2023
666,Blasterjaxx; Prezioso; GRY,Coconut,157,Coconut,2023
667,Flakkë; Sammy Boyle; JKLN,Good 4 Me,156,Good 4 Me,2023
668,ConKi; Zummer; MAZEMIRROR,90s Better,139,90s Better,2023
669,Marnik; Sirona; Heyder,Artificial Intelligence,149,Artificial Intelligence,2023
670,David Guetta; Anne-Marie; Coi Leray,Baby Don't Hurt Me,140,Baby Don't Hurt Me,2023
671,Naeleck; Sarah Rebecca; Curbi,All My Heroes - Curbi Remix,182,All My Heroes (Curbi Remix),2022
672,VINAI; Hard Lights; AFROJACK,Up All Night (feat. Afrojack),160,Up All Night (feat. Afrojack),2020
673,MKJ; Chris Burke; Sugar Jesus; Felix Samuel,Broken Up (with Felix Samuel),166,Broken Up (with Felix Samuel),2023
674,Julian Cross; AFROJACK,All I Need,171,All I Need,2023
675,HÄWK; Guglielmo Nasini; Jack Light,GTA,139,GTA,2022
676,Pink Panda; Jeffrey Sutorius,With A Kiss - Radio Edit,149,With A Kiss,2023
677,Bombs Away,Snakecharmer,132,Snakecharmer,2023
678,Sam Collins; Kenty Clide,La Revolution,190,La Revolution,2023
679,Calvin Harris; Ellie Goulding,Miracle (with Ellie Goulding),186,Miracle (with Ellie Goulding),2023
680,MahyaaR,Rattle Shake,151,Rattle Shake,2023
681,Thierry Von Der Warth; Jay Mason; Edwardo Atlas,Chasing Time,151,Chasing Time,2023
682,Lucky Luke,Used To Be,147,Used To Be,2023
683,Cartoon; Bedwetters,I'm Not Alright,211,I'm Not Alright,2022
684,Bombs Away; Reigan,Running Up That Hill,164,Running Up That Hill,2022
685,Gabry Ponte; LUM!X; Prezioso,Thunder,160,Thunder,2021
686,Kygo; DNCE,Dancing Feet (feat. DNCE),215,Dancing Feet (feat. DNCE),2022
687,Mangoo; EUROBEAT; Rumor,Dancing Alone,172,Dancing Alone,2023
688,TIM PLVNK,Coulda Woulda,153,Coulda Woulda,2023
689,Bombs Away; Karra,I'm Awake,179,I'm Awake,2022
690,Stafford Brothers; Kris Kiss,Detonate,152,Detonate,2023
691,Niteblue; Ella Elias,Sugar,132,Sugar,2023
692,EchoStorms,Creator,168,Creator,2023
693,ANTHEM; Qaden James,My Heart,199,My Heart,2023
694,B Jones; Rudeejay; Robbie Rosen,Face Your Fears,188,Face Your Fears,2023
695,EMAD; AFROJACK,Off The Wall,212,Off The Wall,2023
696,The FifthGuys; Invisible; The Late Night Project,Sweet Child O' Mine,163,Sweet Child O' Mine,2022
697,Gabry Ponte; R3HAB; Timmy Trumpet,Call Me (with R3HAB y Timmy Trumpet),178,Call Me (with R3HAB & Timmy Trumpet),2022
698,CHENDA; Britt,One Of A Kind,208,One Of A Kind,2022
699,Charles B; Milan Tavares; Dread MC,Buss It Down,133,Buss It Down,2022
700,Kløn,Without You,163,Without You,2023
701,Vluarr; DJ Siar,Higher - DJ Siar Remix,175,Higher (Remixes),2023
702,Plastik Funk; Broz Rodriguez; Tara Mcdonald,Sugar Baby,159,Sugar Baby,2022
703,The FifthGuys; MØRFI; ladycryface,Already Dead,146,Already Dead,2022
704,Moonface,Child Of God,184,Child Of God,2023
705,Elport; R-Cue,Another Night,192,Another Night,2022
706,Kage,Right Here,232,Right Here,2022
707,Pokeyz,Deadshot,218,Deadshot,2023
708,Kayote; Goldistic,All I Ever Wanted,140,All I Ever Wanted,2022
709,Harddope; Mingue; Maxim Schunk,Counting Stars,122,Counting Stars,2023
710,WOLFHOWL,All My Nights,195,All My Nights,2022
711,Naeleck; Oddity,"Disease - KATFYR ""Tokyo Bound"" Remix",288,Disease,2013
712,Omar Andino,Used To Be,212,Used To Be,2023
713,3LAU; Ninja,Game Time (feat. Ninja),156,Game Time (feat. Ninja),2018
714,Naeleck; Oddity; Wasiu,Dark is All I See,258,Dark is All I See,2021
715,CHENDA; RYVN; Raddix,Letting Go,182,Letting Go,2022
716,SCNDL,Ruckus,145,Ruckus,2022
717,MahyaaR,Fever,174,Fever,2022
718,The Late Night Project; WCKiD; Aeria,Believe,211,Believe,2022
719,The FifthGuys; Rich Fayden; Sofia Ford,Castle,174,Castle,2023
720,Nitro Fun; Ramlode; 2ka,Bass Like (feat. Ramlode y 2ka),155,Bass Like (feat. Ramlode & 2ka),2023
721,Naeleck; Haley Reinhart,Creep,203,Creep,2022
722,KOWZ,ORIGINS,183,ORIGINS,2022
723,MEDUZA; Alok; Goodboys,Piece Of Your Heart - Alok Remix,166,Piece Of Your Heart (Alok Remix),2019
724,Alok; Zeeba; Bruno Martini,Hear Me Now,194,Hear Me Now (feat. Zeeba),2016
725,CryJaxx; The FifthGuys; Justtjokay,Drop It Like It's Hot,203,Drop It Like It's Hot,2022
726,Alok; Sevenn,The Wall,159,The Wall,2019
727,Kungs,Clap Your Hands,189,Clap Your Hands,2022
728,Shouse; David Guetta,Love Tonight (David Guetta Remix Edit),158,Love Tonight (David Guetta Remix),2021
729,Tiësto,WOW,148,WOW,2018
730,Naeleck; Hige Driver,Final Boss,214,Final Boss,2021
731,Valy Mo; BYOR,Away - BYOR Remix,156,Away (BYOR Remix),2022
732,The FifthGuys; NBLM,Do Re Mi,133,Do Re Mi,2021
733,CMC$; NUZB; Felix Samuel,Sin City,205,Sin City,2023
734,Ilkay Sencan; Dynoro,Rockstar,212,Rockstar,2019
735,Pokeyz; Yyvng,Borderouge,121,Borderouge,2023
736,Bok Nero,Trunk,122,Trunk,2023
737,Florian Picasso,Shiretsu,192,Shiretsu,2023
738,Naeleck,Threnody (Bombs Away Remix),247,Threnody,2016
739,Tiësto,The Business,164,The Business,2020
740,Cartoon; Asena,No Halo,144,No Halo,2022
741,Naeleck; Hige Driver; MahyaaR,Virtual Gaming - MahyaaR Remix,237,Virtual Gaming Remixes,2021
742,Milan Tavares; Charles B; Bryonii,Destiny,146,Destiny,2022
743,Vowed; B4N4N4 G4NG,Feeling Inside,157,Feeling Inside,2023
744,LUM!X; Gabry Ponte,Monster,154,Monster,2019
745,Zafrir; AFROJACK,Boom Boom Pow,185,Boom Boom Pow,2021
746,Naeleck; Hige Driver; Tokyo Machine,Virtual Gaming - Tokyo Machine Remix,215,Virtual Gaming (Tokyo Machine Remix),2021
747,Cyberpunkers,Parhelion,217,Parhelion,2023
748,Cyberpunkers,12th Afterhour,246,12th Afterhour,2023
749,Kozah,Think Of Dreams,196,Think Of Dreams,2021
750,Blanke; REAPER,Death Rattle,210,Gaming Music 2020,2020
751,Pokeyz,On The Ground,144,On The Ground,2022
752,Salvo; AARMO,No Return,126,No Return,2022
753,Rawdolff,Anna,162,Anna,2023
754,CHYL,Eclipse,211,Eclipse,2023
755,DJ Fluke,Without You,174,Without You,2021
756,Mephi; Asjockers; Seann Bowe,Doo Doo,237,Gaming Music 2020,2020
757,Jacob Tillberg; RudeLies,Flowers - RudeLies Remix,175,Flowers (RudeLies Remix),2019
758,Naeleck; Ferd; n3; Dodge y Fuski,Take A Sip - Dodge y Fuski Remix,173,Gaming Music 2020,2020
759,Mephi; Fellsius,Kenja Taimu,245,Kenja Taimu,2020
760,Achilles; Andrew A,Break The Rules,143,Break The Rules,2022
761,Naeleck; Teo Moss,Violence - Teo Moss Remix,281,Halloween Weapons,2018
762,metr,On Fire,159,On Fire,2020
763,R3HAB; INNA; Sash!,Rock My Body,137,Rock My Body (with INNA & Sash!),2023
764,Naeleck; Hige Driver; Urbanstep,Virtual Gaming - Urbanstep Remix,153,Virtual Gaming Remixes,2021
765,Markolps,Samurai,184,Samurai,2023
766,Fukkk Offf; Naeleck; KATFYR,Bang Your Head - Naeleck y KATFYR Remix,180,Bang Your Head,2018
767,Naeleck; Hige Driver; Silvery,Virtual Gaming - Silvery Remix,231,Virtual Gaming Remixes,2021
768,Rawdolff,La Locura,160,La Locura,2023
769,Spektrum,Reboot,229,Reboot,2022
770,CASHEW,Baby Baby,212,Baby Baby,2021
771,Matt Mirter,Fire!,165,Fire!,2023
772,Bombs Away; Reigan,Loaded Gun,211,Loaded Gun,2023
773,Knife Party,Bonfire,272,Rage Valley,2012
774,Florian Picasso,Safari,148,Safari,2023
775,CHENDA,Smooth Criminal,184,Smooth Criminal,2021
776,amazarashi; Naeleck,境界線 (Naeleck Remix) - SACRA BEATS Singles,203,境界線 (Naeleck Remix) - SACRA BEATS Singles,2022
777,Dubscribe,Get Wicked,179,Absolute,2020
778,Menso; Loadjaxx,Be Right Back,171,Be Right Back,2021
779,Jenil; Friendz By Chance,Bling,144,Bling,2021
780,Leverage,I Don't Want to Miss a Thing,194,I Don't Want to Miss a Thing,2023
781,Lodgerz,Coming Back,129,Coming Back,2022
782,PHARAØH,Lucid Dreams,138,Lucid Dreams,2022
783,Dish Dash,Disko Luv,205,Disko Luv,2023
784,The FifthGuys; WCKiD; Salvo; Tommy Rage,Arcade,195,Arcade,2021
785,Hooders; Futura,Secret,159,Secret,2021
786,Bombs Away,Spooky Scary Skeletons,140,Spooky Scary Skeletons,2022
787,Cheery-O,Feels Like,232,Brussels Mule,2021
788,NEZZY,I Should Say Goodbye,173,I Should Say Goodbye,2022
789,Fukkk Offf; Cult Classique,Fork Fiesta,333,Gaming Music 2020,2020
790,Netto; Alexso; Castelani,Guapo,147,Guapo,2023
791,Hartness; Miss Ghyss,Goosebumps,173,Goosebumps,2022
792,RED SHORTS BOY,Bass Chameleon,185,Bass Chameleon,2022
793,Achilles,Reaching for the Moon,184,Reaching for the Moon,2022
794,GOM3Z,Wild And Free,156,Wild And Free,2023
795,Valy Mo; Alfred Beck,On a Cloud,165,On a Cloud,2023
796,The FifthGuys; Mandrazo; Veronica Bravo; M.I.M.E,Broken,161,Broken,2021
797,Fukkk Offf,Pacific Coast Highway,204,Gaming Music 2020,2020
798,SPATE,Racing Mode,216,Racing Mode,2023
799,Dubscribe,Right Riot VIP,132,Space Cat,2021
800,Elton John; Dua Lipa; PNAU,Cold Heart - PNAU Remix,202,Cold Heart (PNAU Remix),2021
801,Cö Shu Nie; Naeleck,SAKURA BURST (Naeleck Remix) - SACRA BEATS Singles,247,SAKURA BURST (Naeleck Remix) - SACRA BEATS Singles,2022
802,Naeleck; Hige Driver,Virtual Gaming,228,Gaming Music 2020,2020
803,Mad Miguel; Uplink,Radiate - Radio Mix,172,Radiate,2022
804,Vintage Culture; Fancy Inc,In The Dark,207,In The Dark,2019
805,Valy Mo,Away,150,Away,2022
806,SOXX; Steji,Want Your Attention,150,Want Your Attention,2022
807,Cyberpunkers,Go Ahead,198,Go Ahead,2020
808,Cabuizee; Diana Inez,Above The Water,182,Broken Puzzle,2022
809,Heavygrinder; KATFYR; Ögenix,Cult,211,Cult,2023
810,Dntless; Théo,YOU,184,YOU,2022
811,Eddie Craig; Abi Flynn,Close To You,169,Close To You,2023
812,Naeleck; Wasiu; MahyaaR; Oddity,Dark is All I See - MahyaaR Remix,168,Dark is All I See (MahyaaR Remix),2022
813,Tony Junior; BEAUZ,Rave Machine,165,Rave Machine,2023
814,Kløn; Becko,In Bloom,151,In Bloom,2023
815,Vicetone; Tony Igy,Astronomia,198,Astronomia,2016
816,RED SHORTS BOY,Beach Monsta,177,Beach Monsta,2022
817,Valy Mo; HouseWerk,Your Time,139,Your Time,2022
818,Naeleck; Oddity,Danse Macabre - Macrowave Remix,254,Danse Macabre,2015
819,Naeleck; Hige Driver; Modestep,Final Boss - Modestep Remix,194,Final Boss (Modestep Remix),2022
820,BLOND:ISH; Madonna; Eran Hersh; Darmon,Sorry (with Madonna),161,Sorry (with Madonna),2023
821,D-Sides; Erick T,Like That,159,Like That,2022
822,TheFatRat; Slaydit; Anjulie,Stronger,205,Stronger,2019
823,PHARAØH; EQRIC; Clayton Jones,Hall Of Fame,177,Hall Of Fame,2022
824,Tomsky; D.O.N,No More,156,No More,2023
825,The FifthGuys; Invisible; The Late Night Project,Enemy,112,Enemy,2022
826,Steve Medea,Try Again,180,Keep Going,2023
827,Achilles; DEADLINE; Jordan Grace,Heaven,174,Heaven,2023
828,Florian Picasso,Ay Papi,187,Ay Papi,2023
829,Purple Disco Machine; Kungs,Substitution,181,Substitution,2023
830,Rammstein,Mein Land,233,Made In Germany 1995 - 2011 (Special Edition),2011
831,Iron Maiden,The Trooper - 2015 Remaster,252,Piece of Mind (2015 Remaster),1983
832,System Of A Down,Genocidal Humanoidz,155,Protect The Land / Genocidal Humanoidz,2020
833,Warcry,La Vida en un Beso,264,Revolución,2008
834,Rata Blanca,Talismán,315,El Reino Olvidado,2008
835,Stratovarius,Black Diamond,340,Visions,1997
836,Saratoga,Contigo Sin Ti,249,Tierra de Lobos,2005
837,Ángeles Del Infierno,Jugando al amor,229,Lo Mejor De Los Ángeles Del Infierno,1987
838,Leo Jiménez,Hijo de la Luna,292,Con Stravaganzza,2015
839,Rammstein,Te quiero puta!,235,Rosenrot,2005
840,Megadeth,Tornado Of Souls - 2004 Remix,319,Rust In Peace (2004 Remix / Expanded Edition),1990
841,Warcry,Devorando el Corazón,263,Revolución,2008
842,Judas Priest,The Hellion,39,Screaming For Vengeance (Expanded Edition),1982
843,Mägo de Oz,Xanandra,263,"Hechizos, pócimas y brujería",2012
844,Metallica,All Nightmare Long,477,Death Magnetic,2008
845,Megadeth,Holy Wars...The Punishment Due - 2004 Remix,392,Rust In Peace (2004 Remix / Expanded Edition),1990
846,Rata Blanca,Noches Sin Sueño,370,Guerrero Del Arco Iris,1991
847,Warcry,Perdido,322,Dónde Está la Luz,2005
848,Slipknot,The Devil in I,342,.5: The Gray Chapter (Special Edition),2014
849,Ángeles Del Infierno,Si tú no estás aquí,267,Lo Mejor De Los Ángeles Del Infierno,1987
850,System Of A Down,Toxicity,218,Toxicity,2001
851,Tierra Santa,La Leyenda Del Holandés Errante,223,Caminos De Fuego,2010
852,Rata Blanca,El Círculo De Fuego,297,El Reino Olvidado,2008
853,Mägo de Oz,Haste Que El Cuerpo Aguante,272,Finisterra,2000
854,Helloween,I Want Out,280,"Keeper of the Seven Keys, Pt. II (Expanded Edition)",1988
855,Warcry,Quiero Oírte,312,Inmortal,2013
856,Slipknot,Killpop,225,.5: The Gray Chapter (Special Edition),2014
857,Tierra Santa,El Caballo De Troya,209,Tierras de Leyenda,2003
858,Rata Blanca,Volviendo a casa,329,El Camino del Fuego,2002
859,Metallica,Master Of Puppets,515,Master Of Puppets (Remastered),1986
860,Warcry,Huelo el Miedo,309,Inmortal,2013
861,Mägo de Oz,El Cantar de la Luna Oscura,322,Jesús de Chamberí,1996
862,Iron Maiden,Be Quick or Be Dead - 2015 Remaster,203,Fear of the Dark (2015 Remaster),1992
863,Saratoga,No Sufrire Jamas por Ti,225,Secretos y Revelaciones,2009
864,System Of A Down,B.Y.O.B.,255,Mezmerize,2005
865,Accept,Teutonic Terror,313,Blood of the Nations,2010
866,Slipknot,Sulfur,277,All Hope Is Gone (10th Anniversary),2008
867,Warcry,Contra el Viento,271,Dónde Está la Luz,2005
868,Tierra Santa,La Cancion Del Pirata I,228,Tierras de Leyenda,2003
869,Megadeth,She-Wolf - Remastered 2004 / Remixed,217,Cryptic Writings (Expanded Edition - Remastered),1997
870,Iron Maiden,Gangland - 2015 Remaster,229,The Number of the Beast (2015 Remaster),1982
871,Ghost,Year Zero,350,Infestissumam (Deluxe Version),2013
872,Avenged Sevenfold,Coming Home,385,Hail to the King,2013
873,Warcry,El Más Triste Adiós,331,La Quinta Esencia,2006
874,Slayer,You Against You,260,Repentless,2015
875,Pantera,Domination,305,Cowboys from Hell,1990
876,Ángeles Del Infierno,Al otro lado del silencio,268,Lo Mejor De Los Ángeles Del Infierno,1987
877,Megadeth,Sudden Death,309,Th1rt3en,2011
878,Killswitch Engage,This Fire,189,As Daylight Dies (Special Edition),2006
879,Avenged Sevenfold,Crimson Day,297,Hail to the King,2013
880,Creeds,Push Up - Original Mix,240,Push Up EP,2022
881,Mau P,Drugs From Amsterdam,235,Drugs From Amsterdam,2022
882,Tom Santa,Bad For Me,177,Bad For Me,2023
883,Calvin Harris; Ellie Goulding; Mau P,Miracle (with Ellie Goulding) - Mau P Remix,217,Miracle (with Ellie Goulding) [Mau P Remix],2023
884,KULI,Just Make Me Yours,142,Just Make Me Yours,2023
885,James Hype,Lose Control,173,Lose Control,2023
886,Jengi,Bel Mercy,169,Bel Mercy,2022
887,Mau P,Gimme That Bounce,217,Gimme That Bounce,2023
888,Basstrologe,Somebody To Love,136,Somebody To Love,2021
889,Andrea Crocicchia,Your Moves,127,Your Moves,2023
890,Fred again..; Skrillex; Four Tet,Baby again..,319,Baby again..,2023
891,Odd Mob,XTC,184,XTC,2023
892,MK; Dom Dolla,Rhyme Dust,181,Rhyme Dust,2023
893,ACRAZE,Take Me Away,179,Take Me Away,2023
894,Axel North,Too Loud,184,Too Loud,2023
895,Noizu; Westend; No/Me,Push To Start (feat. No/Me),181,Push To Start (feat. No/Me),2023
896,Solardo; Eli Brown,XTC,156,XTC,2019
897,Ship Wrek,Mamacita,162,NO GUEST LIST,2023
898,Mau P,Your Mind Is Dirty,198,Your Mind Is Dirty,2023
899,L2O,Sun Tribe,183,Sun Tribe,2023
900,Dom Dolla; Clementine Douglas,Miracle Maker,188,Miracle Maker,2022
901,D.O.D,Set Me Free,180,Set Me Free,2023
902,Eli Brown,Rudeboi,181,Rudeboi,2022
903,Chris Lorenzo; COBRAH,MAMI,247,MAMI,2022
904,Le Boeuf; Marco Nobel; Wingy; Turtleneck (UK),Day 'N' Nite - Turtleneck (UK) Remix,123,Day 'N' Nite [Turtleneck (UK) Remix],2022
905,Wuki; Lee Foss; Cheryl Lynn,To Be Real,203,To Be Real,2023
906,Hannah Laing,Be The One,166,Be The One,2023
907,Wax Motif; Riordan,La Samba,163,La Samba,2023
908,Oomloud; Robin Aristo,In The House,139,In The House,2023
909,Will Clarke,Rock With Me,205,Rock With Me,2021
910,MÆDM,Khoisan,172,Khoisan,2023
911,Anti Up,Chromatic,202,Chromatic,2022
912,J. Worra; Shift K3Y,All The Girls,197,All The Girls,2023
913,Matroda; Dino DZ,Saturday Love,141,Saturday Love,2023
914,Wax Motif,Telugu Tech,201,Telugu Tech,2023
915,Thomas Labermair; RN7,Kalypso,412,Echoes From The Sea,2023
916,Biscits,House All The Time,164,House All The Time,2023
917,Westend,Get This Party Started,160,Get This Party Started,2021
918,Love Regenerator; Calvin Harris,Peace Love Happiness [edit],205,Love Regenerator 3,2020
919,Mike Redfields,Vizion,356,Vizion,2023
920,James Hype,Crank,178,Crank,2022
921,Oomloud,Music For Your Mind,175,Music For Your Mind,2022
922,Matt Sassari; CHRSTPHR,Boom Boom (feat. CHRSTPHR),178,Boom Boom (feat. CHRSTPHR),2022
923,HÄWK; The Shooters,We Make It Pop,136,We Make It Pop,2022
924,Enrico Sangiuliano; Charlotte de Witte,Reflection,406,Reflection EP,2023
925,Kyle Watson,The Reason,204,The Reason,2022
926,Sonny Fodera; Gorgon City; Danny Howard; Stevie Appleton,Remember (feat. Stevie Appleton),199,Remember,2022
927,SIDEPIECE,Sextacy,153,Sextacy,2022
928,Dombresky; Noizu,Save Our Souls,183,Save Our Souls,2022
929,Walker y Royce; Nala,Not About You,177,Not About You,2022
930,Wax Motif; Matroda,La Candela Viva,180,La Candela Viva,2022
931,Malaa,How it is,181,How it is,2022
932,Odd Mob,LEFT TO RIGHT,146,LEFT TO RIGHT,2022
933,Chris Lake; Cloonee,Nightmares,165,Nightmares,2022
934,FISHER; MERYLL,Yeah The Girls,194,Yeah The Girls,2022
935,San Pacho,Trompeta,188,Trompeta,2022
936,James Hype,Dancing,240,Dancing,2021
937,L.I.T,Beat Won't Stop,180,Beat Won't Stop,2021
938,Gorgon City,Rumblah,242,Rumblah,2023
939,Love Regenerator; Eli Brown; Calvin Harris,Moving [edit],193,Moving,2020
940,Fourword,Snake Charmer,217,Snake Charmer,2021
941,Storm; Fergie,Time to Burn - Fergie Remix,196,Time to Burn (Remixes),2022
942,MYLØ; Zafra Negra,Sufriendo - Extended Mix,255,Sufriendo,2021
943,Disfreq,Essa Mina,370,Essa Mina,2022
944,FISHER,Losing It,248,Losing It,2018
945,KC Lights,SOL,186,SOL,2019
946,San Pacho,Amor,155,Amor,2022
947,SQWAD,Mucho Tiempo,261,REAL SHIT,2021
948,Sofi Tukker; Vintage Culture; John Summit,Drinkee - Vintage Culture y John Summit Remix,205,Drinkee (Vintage Culture & John Summit Remix),2021
949,FISHER; Shermanology,It's A Killa,200,It's A Killa,2022
950,D.O.D,Two Caps,183,Two Caps,2022
951,Saison,Drop It,192,Drop It,2022
952,Cloonee,Badman Sound,176,Badman Sound,2023
953,Fred again..; Swedish House Mafia; Future,Turn On The Lights again.. (feat. Future),267,Turn On The Lights again.. (feat. Future),2022
954,Eli Brown,NRG,187,NRG,2020
955,Tom Enzy,Something,181,Something / Machine,2022
956,Bob Sinclar; A-Trak,Deep Inside Of Me,181,Deep Inside Of Me,2022
957,Noizu; Eli Brown,Inside My Head,227,Inside My Head,2019
958,Stephen Kirkwood; Hannah Laing,Don't Wanna Go,180,Don't Wanna Go,2022
959,Truth x Lies; Zookëper; SODIUM,Numb,200,Numb,2022
960,James Hype; Miggy Dela Rosa,Ferrari,186,Ferrari,2022
961,Low Steppa,Sunshine,168,Boiling Point,2020
962,Nic Fanciulli,Over,194,Over,2022
963,ACRAZE; Cherish,Do It To It,157,Do It To It,2021
964,Tony Romera,Pitch Thing,217,Pitch Thing,2023
965,Julio Navas; Gustavo Bravetti; David Amo; Tony Romera,Raw - Tony Romera Remix,217,Raw (Tony Romera Remix),2022
966,Rebūke,The Pipe,339,Jump Ship,2019
967,Kyle Walker,Strut,160,Strut,2022
968,KEFFI,Toledo,203,Infatuate EP,2022
969,Joshwa; JADED; Eliza Legzdina,Kerching,178,Kerching,2022
970,Deeper Purpose,Party Diva,192,Party Diva,2022
971,Tita Lau,Rock y Roll,152,Rock & Roll,2022
972,Matroda; David Herrlich,Feel Alive,183,Feel Alive / Be My Love,2022
973,Shiba San,I Wanna,266,I Wanna,2022
974,Noizu; AC Slater,Moon Groove - AC Slater Remix,213,Moon Groove (AC Slater Remix),2022
975,Marten Hørger; BIJOU,I Know,202,I Know,2022
976,Shiba San; Black V Neck; Nautik,Ba Da Bam,215,Ba Da Bam,2022
977,Mr. Pig; Andrew Mathers,Potente,160,Potente,2022
978,Eli Brown,Can't Stop the Feeling,208,Deep Down,2022
979,Joel Corry,Liquor Store,201,Liquor Store,2022
980,Maluma,Borro Cassette,207,"Pretty Boy, Dirty Boy",2015
981,Maluma; Farruko,¿Dónde Estás? (feat. Farruko),197,"Pretty Boy, Dirty Boy",2015
982,Maluma,El Perdedor,206,"Pretty Boy, Dirty Boy",2015
983,Maluma,Me Gustas,216,"Pretty Boy, Dirty Boy",2015
984,Maluma,Sin Contrato,221,"Pretty Boy, Dirty Boy",2015
985,Maluma; Alexis y Fido,Una Aventura (feat. Alexis y Fido),229,"Pretty Boy, Dirty Boy",2015
986,Maluma; Leslie Grace,Tengo un Amor (feat. Leslie Grace),227,"Pretty Boy, Dirty Boy",2015
987,Maluma; Cosculluela,Pretextos (feat. Cosculluela),228,"Pretty Boy, Dirty Boy",2015
988,Maluma,Ya No Es Niña,215,"Pretty Boy, Dirty Boy",2015
989,Maluma; El Micha,Solos (feat. El Micha),207,"Pretty Boy, Dirty Boy",2015
990,Maluma; Arcángel,Tu Cariño (feat. Arcángel),185,"Pretty Boy, Dirty Boy",2015
991,Maluma,Recuérdame,188,"Pretty Boy, Dirty Boy",2015
992,Maluma,La Misma Moneda,219,"Pretty Boy, Dirty Boy",2015
993,Maluma,Vuelo Hacia el Olvido,210,"Pretty Boy, Dirty Boy",2015
994,Maluma,El Tiki,179,"Pretty Boy, Dirty Boy",2015
995,Maluma,Carnaval,214,"Pretty Boy, Dirty Boy",2015
996,Bruno Mars,Young Girls,228,Unorthodox Jukebox,2012
997,Bruno Mars,Locked out of Heaven,233,Unorthodox Jukebox,2012
998,Bruno Mars,Gorilla,244,Unorthodox Jukebox,2012
999,Bruno Mars,Treasure,178,Unorthodox Jukebox,2012
1000,Bruno Mars,Moonshine,228,Unorthodox Jukebox,2012
1001,Bruno Mars,When I Was Your Man,213,Unorthodox Jukebox,2012
1002,Bruno Mars,Natalie,225,Unorthodox Jukebox,2012
1003,Bruno Mars,Show Me,207,Unorthodox Jukebox,2012
1004,Bruno Mars,Money Make Her Smile,203,Unorthodox Jukebox,2012
1005,Bruno Mars,If I Knew,132,Unorthodox Jukebox,2012
1006,Yng Lvcas; Peso Pluma,La Bebe - Remix,234,La Bebe (Remix),2023
1007,Marshmello; Manuel Turizo,El Merengue,189,El Merengue,2023
1008,Nicky Jam; Feid,69,221,69,2023
1009,Ñengo Flow; Bad Bunny,Gato de Noche,227,Gato de Noche,2022
1010,Young Miko; Jowell y Randy,ID,235,ID,2023
1011,Don Omar; Chencho Corleone,Podemos Repetirlo,211,Podemos Repetirlo,2023
1012,Bad Bunny,Tití Me Preguntó,243,Un Verano Sin Ti,2022
1013,KAROL G; Shakira,TQG,197,MAÑANA SERÁ BONITO,2023
1014,Maria Becerra; Fast y Furious: The Fast Saga,Te Cura,150,Te Cura (FAST X Soundtrack),2023
1015,Don Omar,Dale Don Dale,212,The Last Don,2003
1016,Daddy Yankee; Omar Courtz,BEACHY,168,BEACHY,2023
1017,Feid; Young Miko,Classy 101,195,Classy 101,2023
1018,Bad Bunny,WHERE SHE GOES,231,WHERE SHE GOES,2023
1019,Bizarrap; Quevedo,"Quevedo: Bzrp Music Sessions, Vol. 52",198,"Quevedo: Bzrp Music Sessions, Vol. 52",2022
1020,Bad Bunny,Después de la Playa,230,Un Verano Sin Ti,2022
1021,Eslabon Armado; Peso Pluma,Ella Baila Sola,165,Ella Baila Sola,2023
1022,Chencho Corleone,Un Cigarrillo,184,Un Cigarrillo,2023
1023,Mora,DOMINGO DE BOTE,190,PARAÍSO,2022
1024,ROSALÍA; Rauw Alejandro,BESO,194,RR,2023
1025,Bad Bunny; Rauw Alejandro,Party,227,Un Verano Sin Ti,2022
1026,Saiko,Supernova,190,Supernova,2023
1027,Feid,Feliz Cumpleaños Ferxxo,156,Feliz Cumpleaños Ferxxo,2022
1028,Daddy Yankee; Nicky Jam,Donde Estan Las Gatas (feat. Nicky Jam),170,Alex Gargolas Greatest Hits,2013
1029,Myke Towers; J Balvin,CELOS,169,LA VIDA ES UNA,2023
1030,Manuel Turizo,La Bachata,162,La Bachata,2022
1031,Chris Palace,TE ENCANTÓ,141,TE ENCANTÓ,2023
1032,El Alfa; Braulio Fogon,Doggy Doggy,248,Doggy Doggy,2023
1033,King Savagge; Jere Klein,2 Hielos,194,WorKING,2023
1034,Jhayco; Quevedo,Mami Chula,220,Mami Chula,2023
1035,Mora; Jhayco,MEMORIAS,228,MICRODOSIS,2022
1036,Myke Towers,MI DROGA,163,LA VIDA ES UNA,2023
1037,Luck Ra; La K'onga; Ke Personajes,Ya No Vuelvas (Versión Cuarteto),204,Ya No Vuelvas (Versión Cuarteto),2022
1038,Eladio Carrion; Bad Bunny,Coco Chanel,208,3MEN2 KBRN,2023
1039,Rauw Alejandro; Angel Dior,TAMO EN NOTA,180,TAMO EN NOTA,2023
1040,Mora,RÁPIDO,182,RÁPIDO,2023
1041,Don Omar,Guaya Guaya,193,The Last Don II,2015
1042,Jhayco,Cuerpecito,195,Cuerpecito,2023
1043,Bad Bunny,Efecto,213,Un Verano Sin Ti,2022
1044,KAROL G; Justin Quiles; Angel Dior,OJOS FERRARI,180,MAÑANA SERÁ BONITO,2023
1045,Yandel; Feid,Yandel 150,216,Yandel 150,2022
1046,"Héctor ""El Father""; Divino",Noche de Travesuras,208,Regaetton Hits,2006
1047,Arcángel; Bad Bunny,La Jumpa,255,La Jumpa,2022
1048,Quevedo; Myke Towers,PLAYA DEL INGLÉS,237,PLAYA DEL INGLÉS,2022
1049,Rochy RD; El Chuky De Lewa,Uva Bombom,136,Uva Bombom,2021
1050,Bad Bunny,Neverita,173,Un Verano Sin Ti,2022
1051,Saiko; Came Beats,Polaris,192,1371 KM,2022
1052,Don Omar,Dile,204,The Last Don,2003
1053,NATTI NATASHA; Daddy Yankee; Wisin y Yandel,Mayor Que Usted,233,Mayor Que Usted,2022
1054,KAROL G; Quevedo,PERO TÚ,183,MAÑANA SERÁ BONITO,2023
1055,Ozuna; Juanka; Brray,La Single,276,La Single,2023
1056,Ryan Castro,Mujeriego,142,Mujeriego,2021
1057,Feid,REMIX EXCLUSIVO,206,REMIX EXCLUSIVO,2023
1058,Daiko Gz; Reyter,Par De Guaros,171,Par De Guaros,2023
1059,Bizarrap; Shakira,"Shakira: Bzrp Music Sessions, Vol. 53",214,"Shakira: Bzrp Music Sessions, Vol. 53",2023
1060,Tego Calderón,Pa' Que Retozen,151,El Abayarde,2003
1061,KAROL G,MERCURIO,160,MAÑANA SERÁ BONITO,2023
1062,Ozuna; Feid,Hey Mor,196,OzuTochi,2022
1063,LiL CaKe; Migrantes; Nico Valdi,MERCHO,161,MERCHO,2022
1064,El Alfa; Noriel; Trueno,LOS APARATOS,232,LOS APARATOS,2022
1065,KAROL G; Sech,DAÑAMOS LA AMISTAD,174,MAÑANA SERÁ BONITO,2023
1066,Quevedo,WANDA,160,DONDE QUIERO ESTAR,2023
1067,Myke Towers,AGUARDIENTE,167,AGUARDIENTE,2023
1068,Jhayco; Feid; Sech,En La De Ella,230,En La De Ella,2022
1069,Daddy Yankee,Ella Me Levanto,209,El Cartel: The Big Boss,2007
1070,Quevedo,YANKEE,194,DONDE QUIERO ESTAR,2023
1071,Bad Bunny; Chencho Corleone,Me Porto Bonito,178,Un Verano Sin Ti,2022
1072,Chimbala,Feliz,177,Feliz,2022
1073,KAROL G,TUS GAFITAS,167,MAÑANA SERÁ BONITO,2023
1074,ROSALÍA; Rauw Alejandro,VAMPIROS,176,RR,2023
1075,Justin Quiles; Myke Towers,Whiskey y Coco,186,Whiskey y Coco,2023
1076,ROSALÍA,DESPECHÁ,157,DESPECHÁ,2022
1077,Daddy Yankee,"Lo Que Pasó, Pasó",210,Barrio Fino (Bonus Track Version),2004
1078,Bad Bunny; Tony Dize,La Corriente,198,Un Verano Sin Ti,2022
1079,Feid; Totoy El Frio,De Tanto Chimbiar,186,De Tanto Chimbiar,2022
1080,KAROL G,AMARGURA,170,MAÑANA SERÁ BONITO,2023
1081,Mora; Quevedo,APA,199,PARAÍSO,2022
1082,Rauw Alejandro; Baby Rasta,PUNTO 40,190,PUNTO 40,2022
1083,Maria Becerra,ADIÓS,160,LA NENA DE ARGENTINA,2022
1084,Daddy Yankee,Rompe,189,Candelazos Bailables,2020
1085,Black Eyed Peas; Anitta; El Alfa,SIMPLY THE BEST,236,SIMPLY THE BEST,2022
1086,Quevedo,VISTA AL MAR,180,VISTA AL MAR,2022
1087,Plan B,Fanática Sensual,240,Love And Sex,2014
1088,Mora,EN LA ORILLA,235,PARAÍSO,2022
1089,Myke Towers; Arcángel,DON y TEGO,184,LA VIDA ES UNA,2023
1090,Don Omar,Good Looking,258,Meet The Orphans,2010
1091,Myke Towers,Luces De Neón,219,Luces De Neón,2022
1092,Sech,Foto En Panty,174,Ya Casi Vienen,2022
1093,Guaynaa; Nicky Jam; Farruko; Becky G; Sech,Rebota - Remix,262,Rebota (Remix),2019
1094,Don Omar; Lucenzo,Danza Kuduro,198,Meet The Orphans,2010
1095,KAROL G; Maldy,GATÚBELA,209,GATÚBELA,2022
1096,Mora,CALENTÓN,202,CALENTÓN,2022
1097,La Insuperable; Farina; Yailin la Mas Viral,Soy Mamá (Remix),209,Soy Mamá (Remix),2022
1098,Plan B,¿Por Que Te Demoras?,190,House Of Pleasure,2010
1099,Feid,Lady Mi Amor,147,FELIZ CUMPLEAÑOS FERXXO TE PIRATEAMOS EL ÁLBUM,2022
1100,Don Omar,Ojitos Chiquitos,229,King Of Kings,2006
1101,Chris Jedi; Anuel AA; Chencho Corleone; Ñengo Flow,La Llevo Al Cielo (Ft. Ñengo Flow),254,La Llevo Al Cielo (Ft. Ñengo Flow),2022
1102,Hector y Tito,Felina,216,Candelazos Bailables,2020
1103,Don Omar; Tego Calderón,Bandoleros,305,The Fast And The Furious: Tokyo Drift (Original Motion Picture Soundtrack),2006
1104,Omega; Cuban Deejays; Daddy Yankee,Estrellita De Madrugada - Original 2022 Remaster (Ft. Daddy Yankee),213,Estrellita De Madrugada (Ft. Daddy Yankee),2022
1105,De La Ghetto; Marco Acevedo,Perdiendo El Control,184,Perdiendo El Control,2021
1106,Rauw Alejandro; Lyanno; Brray,LOKERA,197,LOKERA,2022
1107,Tego Calderón; Don Omar,Pastillita (feat. Don Omar),238,"El Que Sabe, Sabe",2015
1108,El Alfa,Helicoptero,137,Helicoptero,2023
1109,Rochy RD,El Coba,123,El Coba,2022
1110,Bad Bunny,Si Veo a Tu Mamá,170,YHLQMDLG,2020
1111,Maluma,Qué Chimba,169,Qué Chimba,2020
1112,Kiko el Crazy; Ñengo Flow,Chukiteo,161,Chukiteo,2022
1113,Nicky Jam,Yo no Soy Tu Marido,201,Kilates 2,2003
1114,KAROL G,PROVENZA,210,PROVENZA,2022
1115,Cazzu; Mora,De Pari,174,De Pari,2022
1116,Mora,badtrip :(,191,MICRODOSIS,2022
1117,Don Omar; Wisin; Yandel,MySpace (feat. Wisin y Yandel),221,MySpace (feat. Wisin & Yandel),2006
1118,Ryan Castro,Wasa Wasa,145,Wasa Wasa,2021
1119,El Alfa; Chael Produciendo,Gogo Dance,173,Sabiduria,2022
1120,Daddy Yankee,No Es Culpa Mía - Bonus Track,107,Talento de Barrio,2008
1121,Feid,La Buena Fai,144,FELIZ CUMPLEAÑOS FERXXO TE PIRATEAMOS EL ÁLBUM,2022
1122,Farruko,Pepas,287,Pepas,2021
1123,Becky G; KAROL G,MAMIII,226,MAMIII,2022
1124,Jhayco; Skrillex,En Mi Cuarto,196,Timelezz,2021
1125,Plan B,Es un Secreto,190,House Of Pleasure,2010
1126,Axel Rulay; Farruko; El Alfa,Si Es Trucho Es Trucho (feat. Farruko and El Alfa) - Remix,213,Si Es Trucho Es Trucho (feat. Farruko and El Alfa) [Remix],2021
1127,Ñejo; Luigi 21 Plus; Totoy El Frio,Nunca Me Enchulo,195,Nunca Me Enchulo,2022
1128,Ñengo Flow,Profecía,205,Profecía,2020
1129,Feid,Castigo,178,Castigo,2022
1130,Marco Acevedo; Darell,DOS C,204,Despues De Las 12,2021
1131,Daddy Yankee; Bad Bunny,X ÚLTIMA VEZ,192,LEGENDADDY,2022
1132,Mora; Feid,LA INOCENTE,202,MICRODOSIS,2022
1133,Rochy RD; Anuel AA,Los Illuminaty,157,Los Illuminaty,2022
1134,Anitta,Envolver,193,Envolver,2021
1135,Zion y Lennox,Yo Voy (feat. Daddy Yankee),232,Motivando a la Yal,2004
1136,Bad Bunny,La Zona,136,YHLQMDLG,2020
1137,The Noise; Zion y Lennox,Me Pones en Tensión,234,Biografía,2004
1138,Bad Bunny,Yonaguni,206,Yonaguni,2021
1139,Mora; Sech,TUS LÁGRIMAS,174,MICRODOSIS,2022
1140,Sech,Duvibes,180,42,2021
1141,Quevedo,Universitaria,133,Universitaria,2021
1142,Feid,8 DIAX,141,INTER SHIBUYA (FERXXO EDITION),2021
1143,Bad Bunny; Yaviah,Bichiyal,196,YHLQMDLG,2020
1144,Rauw Alejandro,Todo De Ti,199,VICE VERSA,2021
1145,J Balvin; KAROL G; Nicky Jam; Crissin; Totoy El Frio; Natan y Shander,Poblado - Remix,392,JOSE,2021
1146,El Alfa; Bulin 47,Mamiferos,183,Mamiferos,2021
1147,Nicky Jam; Daddy Yankee,En La Cama,157,Haciendo Escante,2001
1148,Feid; Mora; Eladio Carrion,FUMETEO - Remix,214,FUMETEO (Remix),2021
1149,Ivy Queen,Yo Quiero Bailar,184,Rompe La Discoteca,2009
1150,Chimbala; Noriel; KEVVO; Jon Z; Jomarly Cabelina,Enmoliniao,205,Enmoliniao,2021
1151,KAROL G; Mariah Angeliq,EL MAKINON,209,KG0516,2021
1152,Bad Bunny; El Alfa,La Romana,300,X 100PRE,2018
1153,Tego Calderón,Dominicana,252,El Abayarde,2003
1154,Bad Bunny,Yo Perreo Sola,172,YHLQMDLG,2020
1155,Jhayco; Bad Bunny,CÓMO SE SIENTE - Remix,227,CÓMO SE SIENTE (Remix),2020
1156,Jhayco,Christian Dior,147,Christian Dior,2021
1157,El Alfa,Mera Woo,182,El Androide,2020
1158,Trebol Clan; Joan,Gata Fiera (feat. Joan),208,Los Bacatranes,2004
1159,Mozart La Para; Justin Quiles,Mujeres,187,Mujeres,2018
1160,El Alfa; Lil Pump,Coronao Now,215,El Androide,2020
1161,Nicky Jam,Me Voy Pa'l Party,179,Conspiracion 2,2003
1162,Bad Bunny; Jowell y Randy; Ñengo Flow,Safaera,295,YHLQMDLG,2020
1163,Mora; Jhayco,512,193,Primer Dia de Clases,2021
1164,KEVVO; Farruko; Chencho Corleone; Arcángel; Darell; Ñengo Flow; Brytiago; Myke Towers,105 F Remix,464,105 F Remix,2019
1165,"Baby Ranks; Daddy Yankee; Tonny Tun Tun; Wisin y Yandel; Héctor ""El Father""",Mayor Que Yo,254,Pa'l Mundo First Class Delivery,2007
1166,Daddy Yankee; Wisin y Yandel; Zion; Hector; Tonny Tun Tun,Noche De Entierro,263,Mas Flow - Los Benjamins,2006
1167,Bad Bunny; Don Omar,PA' ROMPERLA,194,LAS QUE NO IBAN A SALIR,2020
1168,Sammy Baby; Lenny Tavárez; DJ Nelson; Alejandro Armes,Se Soltó (feat. Alejandro Armes) - Guaracha Remix,181,Se Soltó (Guaracha Remix) [feat. Alejandro Armes],2021
1169,,,0,,0000
1170,DJ Booster,Amargura - Remix,176,Amargura (Remix),2023
1171,Dj Urbano,Mami Chula Mix,247,Mami Chula Mix,2023
1172,DJ Booster,Bebe Que Fue (TQG) - Remix,186,Bebe Que Fue (TQG) [Remix],2023
1173,DJ Booster,Mejor Que Yo - Remix,220,Mejor Que Yo (Remix),2023
1174,DJ Booster,LA BEBE - REMIX,217,La Bebe (Remix),2023
1175,DJ Booster,Bebe Que Hacemos Remix Exclusivo - Remix,193,Bebe Que Hacemos Remix Exclusivo (Remix),2023
1176,DJ Booster,Un Cigarrillo - Remix,193,Un Cigarrillo (Remix),2023
1177,ADSO; DMT LEVEL,Chelitos,164,Chelitos,2023
1178,DJ Booster,Mi Exxx - Remix,170,Mi Exxx (Remix),2023
1179,Debaferse,Cuando te beso,183,Cuando te beso,2023
1180,Josh Gomez; DJ Play; Los Genios World,Hey Mor (Mambo Remix),167,Hey Mor (Mambo Remix),2023
1181,LiL CaKe; Migrantes; Nico Valdi,MERCHO,161,MERCHO,2022
1182,DJ Play,Culo (Battle Mix) - Remix,121,Culo (Battle Mix) [Remix],2023
1183,,,0,Panamiur (Remix),2023
1184,Moa Rivera,La Película,177,La Película,2023
1185,DJ Booster; DJ Play; Josh Gomez,Yandel 150 (Mambo Remix),145,Yandel 150 (Mambo Remix) [Remix],2023
1186,Bellakath,Gatita,153,Gatita,2022
1187,Tego Calderón,La Receta,175,La Receta,2023
1188,DJ Booster,Triste Verano - Remix,156,Triste Verano (Remix),2023
1189,DJ Booster,Niña Bonita - Remix,180,Niña Bonita (Remix),2023
1190,Josh Gomez; DJ Play; Los Genios World,Music Sessions #53 (Mambo) - Remix,212,Music Sessions #53 (Mambo Remix),2023
1191,Rauw Alejandro; Daddy Yankee,PANTIES Y BRASIERES,197,PANTIES Y BRASIERES,2023
1192,DJ Booster,Mas Rica Que Ayer - Remix,205,Mas Rica Que Ayer (Remix),2023
1193,Dynell,Vete,159,Vete,2023
1194,DJ Booster,Classy 101 - Remix,200,Classy 101 (Remix),2023
1195,Marshmello; Manuel Turizo,El Merengue,189,El Merengue,2023
1196,DJ Booster,Yandel 150 - Remix,195,Yandel 150 (Remix),2023
1197,Becky G; Omega,Arranca (feat. Omega),166,Arranca (feat. Omega),2023
1198,DJ Booster,Punto G - Remix,149,Punto G (Remix),2023
1199,NATYASH,Down Down,151,Down Down,2023
1200,Rauw Alejandro; Baby Rasta,PUNTO 40,190,PUNTO 40,2022
1201,Cris Mj; Duki; Nicki Nicole; Standly; Stars Music Chile,Marisola - Remix,237,Marisola (Remix),2022
1202,DJ Booster,Session 54 - Remix,171,Session 54 (Remix),2023
1203,KAROL G; Justin Quiles; Angel Dior,OJOS FERRARI,180,MAÑANA SERÁ BONITO,2023
1204,Josh Gomez; DJ Renx; DJ Play; Los Genios World,Sessions #52 Quédate (Mambo) - Remix,198,Sessions #52 Quédate (Mambo),2022
1205,DJ Booster,MIX FERXXO EXITOS 2023 - Remix,1008,MIX FERXXO EXITOS 2023 (Remix),2023
1206,KAROL G; Shakira,TQG,198,TQG,2023
1207,Nicky Jam,Toy a Mil,148,Toy a Mil,2023
1208,David Guetta; Bebe Rexha,I'm Good (Blue),175,I'm Good (Blue),2022
1209,Bad Bunny,Tití Me Preguntó,243,Un Verano Sin Ti,2022
1210,Rauw Alejandro; Lyanno; Brray,LOKERA,197,LOKERA,2022
1211,AloSofia,Me Dió Contigo,174,Me Dió Contigo,2023
1212,JP el Chamaco,Mirame,192,Chamaco Estas Pegao,2022
1213,Fixty Ordara y Ja Rulay; Wampi; Wow Popy,Por Ustedes (Pornosotros 2),212,Por Ustedes (Pornosotros 2),2022
1214,Juan Miguel; Ronald Borjas; Victor Muñoz,La Cita,228,La Cita,2023
1215,Niko La Fuerza Del Area; Krimer VS,Sin Contrato,202,Sin Contrato,2023
1216,Josh Gomez; DJ Play; Los Genios World,Tacones Rojos (Mambo) - Remix,187,Tacones Rojos (Mambo Remix),2022
1217,Alli Cruz,Voce,168,Voce,2023
1218,El Alfa; Noriel; Trueno,LOS APARATOS,232,LOS APARATOS,2022
1219,KAROL G; Ovy On The Drums,CAIRO,201,CAIRO,2022
1220,Josh Gomez; DJ Play; Los Genios World,Sal Y Perrea (Club Mix) - Remix,196,Sal Y Perrea (Club Mix),2022
1221,Yandel; Feid,Yandel 150,216,Yandel 150,2022
1222,Dj Urbano,El Mejor Que Yo Mix,215,El Mejor Que Yo Mix,2023
1223,Bizarrap; Shakira,"Shakira: Bzrp Music Sessions, Vol. 53",214,"Shakira: Bzrp Music Sessions, Vol. 53",2023
1224,Mary Flow,Traumao,180,Traumao,2023
1225,Ñengo Flow; Bad Bunny,Gato de Noche,227,Gato de Noche,2022
1226,Feid,CHORRITO PA LAS ANIMAS,168,SIXDO,2022
1227,Rauw Alejandro; Playero,DE CAROLINA,181,SATURNO,2022
1228,Josh Gomez; DJ Play; DJ Wogi; Los Genios World,Normal - Remix,134,Normal (Mambo Remix),2022
1229,Rauw Alejandro; Subelo NEO,RON COLA,186,SATURNO,2022
1230,Josh Gomez; DJ Play; Carlos Banz,Baby Otaku - Remix,166,Baby Otaku (Remix),2022
1231,Jeremías,Tú No Sabes,145,Tú No Sabes,2023
1232,KAROL G; Maldy,GATÚBELA,209,GATÚBELA,2022
1233,Fugitivo; Carlos Banz,Loco,198,Loco,2023
1234,ROSALÍA,DESPECHÁ,157,DESPECHÁ,2022
1235,Bad Bunny; Chencho Corleone,Me Porto Bonito,178,Un Verano Sin Ti,2022
1236,"Chris Jedi; Anuel AA; Gaby Music; Jenny ""La Sexy Voz""",DURO,218,DURO,2022
1237,Pablito Pesadilla; Polimá Westcoast; Nickoog Clk; Fran C,BABY OTAKU,176,BABY OTAKU,2022
1238,Kid MB,Retroton,157,Fase 1,2022
1239,Shakira; Rauw Alejandro,Te Felicito,172,Te Felicito,2022
1240,Bad Bunny,Efecto,213,Un Verano Sin Ti,2022
1241,Ryan Castro,Mujeriego,142,Mujeriego,2021
1242,Bizarrap; Villano Antillano,"Villano Antillano: Bzrp Music Sessions, Vol. 51",187,"Villano Antillano: Bzrp Music Sessions, Vol. 51",2022
1243,Kid MB; Carlos Banz; Los Genios World,Bailecito,168,Bailecito,2022
1244,Josh Gomez; DJ Play; Los Genios World,Girl Like Me - Mambo Remix,191,Girl Like Me (Mambo Remix),2021
1245,Josh Gomez; DJ Play; Los Genios World,El Pony (Cachengue) - Remix,168,El Pony (Cachengue Remix),2022
1246,Bizarrap; Quevedo,"Quevedo: Bzrp Music Sessions, Vol. 52",198,"Quevedo: Bzrp Music Sessions, Vol. 52",2022
1247,YEZZUZ,Dame Un Sí,194,2020,2021
1248,Bad Bunny,Me Fui de Vacaciones,180,Un Verano Sin Ti,2022
1249,KAROL G,PROVENZA,210,PROVENZA,2022
1250,Anitta,Envolver,193,Envolver,2021
1251,Rauw Alejandro; Chencho Corleone,Desesperados,224,Desesperados,2021
1252,Josh Gomez; DJ Play; Los Genios World,Bichota (Remix),152,Bichota (Remix),2021
1253,DJ Booster,Prohibidox - REMIX,162,Prohibidox (Remix),2023
1254,Josh Gomez; DJ Play; Los Genios World,Saoco (Cachengue Remix),168,Saoco (Cachengue Remix),2021
1255,Bizarrap; Tiago PZK,"Tiago PZK: Bzrp Music Sessions, Vol. 48",160,"Tiago PZK: Bzrp Music Sessions, Vol. 48",2021
1256,Manuel Turizo,La Bachata,162,La Bachata,2022
1257,Daddy Yankee,RUMBATÓN,248,LEGENDADDY,2022
1258,Bad Bunny; Rauw Alejandro,Party,227,Un Verano Sin Ti,2022
1259,Bad Bunny; Bomba Estéreo,Ojitos Lindos,258,Un Verano Sin Ti,2022
1260,YEZZUZ,Te Fallé,232,Te Fallé,2021
1261,Loby Del Flow,Déjame Saber,199,Déjame Saber,2020
1262,Black Eyed Peas; J Balvin,RITMO (Bad Boys For Life),221,RITMO (Bad Boys For Life),2019
1263,Pitbull; Daddy Yankee; NATTI NATASHA,No Lo Trates,198,No Lo Trates,2019
1264,Feid; Young Miko,Classy 101,195,Classy 101,2023
1265,Ozuna; Juanka; Brray,La Single,276,La Single,2023
1266,KAROL G; Shakira,TQG,197,MAÑANA SERÁ BONITO,2023
1267,DJ Bryanflow; DJ Sknor,A Tu Perro Lo Vuelvo Mi Gato,111,A Tu Perro Lo Vuelvo Mi Gato,2022
1268,YEZZUZ,Ella Me Llama,185,Ella Me Llama,2018
1269,Tiësto,Baila Conmigo,146,Baila Conmigo,2022
1270,Brray; Jhayco; Ryan Castro,Corazón Roto - Remix,275,Corazón Roto (Remix),2023
1271,Los 4,Historia entre tus dedos,307,Historia entre tus dedos,2017
1272,Dance Fruits Music; DMNDS; Fallen Roses; Lunis; Lujavo,"Calabria (feat. Fallen Roses, Lujavo y Lunis)",128,"Calabria (feat. Fallen Roses, Lujavo & Lunis)",2021
1273,Quevedo,PUNTO G,151,DONDE QUIERO ESTAR,2023
1274,Brunella Torpoco,Honda Costumbres,297,Honda Costumbres,2021
1275,Yng Lvcas; Peso Pluma,La Bebe - Remix,234,La Bebe (Remix),2023
1276,Don Omar,Dile,204,The Last Don,2003
1277,"Boy Wonder CF; Tito ""El Bambino""; Randy",Siente el Boom (feat. Tito el Bambino y Randy),192,Boy Wonder Presents: Chosen Few Grandes Exitos,2013
1278,Daddy Yankee,Gasolina,192,Barrio Fino (Bonus Track Version),2004
1279,Plan B,Si No Le Contesto,220,House Of Pleasure,2010
1280,Tego Calderón,Pa' Que Retozen,151,El Abayarde,2003
1281,Bad Bunny,Vete,192,YHLQMDLG,2020
1282,Don Omar,Salió El Sol,315,King Of Kings,2006
1283,Wisin y Yandel,Rakata,172,Reggaeton de los 00's,2019
1284,"Angel Y Khriz; Gocho ""El Lápiz De Platino""; John Eric",Na De Na,202,Showtime,2008
1285,Daddy Yankee; Zion y Lennox,Tu Príncipe,205,Barrio Fino (Bonus Track Version),2004
1286,"Héctor ""El Father""; Wisin y Yandel",El Telefono,235,The Bad Boy,2006
1287,Mach y Daddy,La Botella,177,Desde Abajo,2005
1288,Plan B,Choca,220,Love And Sex,2014
1289,Angel Y Khriz; Mr. G,Ven Bailalo,252,Strictly Latin Dancing Come And Dance,2011
1290,Ozuna,Tu Foto,193,Tu Foto,2017
1291,J Balvin,Ay Vamos,226,La Familia B Sides,2014
1292,Klasico; Ozuna,Corazon De Seda (feat. Ozuna),186,Los Que Gustan,2016
1293,J Balvin; Jowell y Randy,Bonita,265,Bonita,2017
1294,KAROL G; Anuel AA; J Balvin,LOCATION,265,LOCATION,2021
1295,J Balvin; KAROL G; Nicky Jam; Crissin; Totoy El Frio; Natan y Shander,Poblado - Remix,393,Poblado (Remix),2021
1296,KAROL G; Mariah Angeliq,EL MAKINON,209,KG0516,2021
1297,Tony Dize; Yandel,Permitame,185,Permitame,2008
1298,Plan B,Es un Secreto,190,House Of Pleasure,2010
1299,Don Omar,Pobre Diabla,254,The Last Don Live,2004
1300,Daddy Yankee,"Lo Que Pasó, Pasó",210,Barrio Fino (Bonus Track Version),2004
1301,Ivy Queen,Quiero Bailar,184,Diva Platinum Edition,2004
1302,Plan B,Candy,207,Love And Sex,2014
1303,Pitbull; Lil Jon,Culo,219,Original Hits,2012
1304,N.O.R.E.; Daddy Yankee; Nina Sky; Gemstar; Big Mato,Oye Mi Canto,240,N.O.R.E. Y La Familia,2006
1305,Fuego,Una Vaina Loca,188,Una Vaina Loca,2011
1306,J Balvin,Tu Veneno,157,Tu Veneno,2021
1307,Nicky Jam; Jhayco,Magnum,182,Infinity,2021
1308,NATTI NATASHA; Becky G,Ram Pam Pam,200,Ram Pam Pam,2021
1309,Mora; Jhayco,512,193,Primer Dia de Clases,2021
1310,Rauw Alejandro,La Old Skul,214,VICE VERSA,2021
1311,J Balvin; Tokischa,Perra,157,JOSE,2021
1312,Ozuna,Tiempo,171,Tiempo,2021
1313,Nicki Nicole; Rauw Alejandro,Sabe,177,Sabe,2021
1314,Farruko; Bad Bunny,La Cartera,289,Gangalee,2019
1315,Rauw Alejandro; Anuel AA,Reloj,231,Afrodisíaco,2020
1316,Nio Garcia; Luar La L,Parao,220,Parao,2021
1317,Tainy; Yandel; Rauw Alejandro,UNA MÁS,166,DYNASTY,2021
1318,Jhayco,Christian Dior,146,Timelezz,2021
1319,Rauw Alejandro,Cúrame,164,VICE VERSA,2021
1320,Rauw Alejandro,Todo De Ti,199,VICE VERSA,2021
1321,Farruko,Pepas,287,Pepas,2021
1322,Nio Garcia; J Balvin; Bad Bunny,AM Remix,261,AM Remix,2021
1323,Bad Bunny,Yonaguni,206,Yonaguni,2021
1324,Sech,Sal y Perrea,216,42,2021
1325,Mora; Jhayco,Pegate - Remix,204,Pegate (Remix),2020
1326,Jay Wheeler,Viendo el Techo,188,Viendo el Techo,2021
1327,Don Omar,Guaya Guaya,193,The Last Don II,2015
1328,Plan B,Fanática Sensual,240,Love And Sex,2014
1329,Don Omar,Dile,204,"The Gold Series ""The Last Don""",2004
1330,Wisin y Yandel,Abusadora,180,La Revolución - Evolution,2009
1331,Pitbull; Lil Jon,The Anthem,245,The Boatlift - Clean,2007
1332,Zion y Lennox,Yo Voy (feat. Daddy Yankee),232,Motivando a la Yal,2004
1333,Plan B,Si No Le Contesto,220,House of Pleasure,2010
1334,Ivy Queen,Quiero Bailar,183,e5,2006
1335,Plan B,Es Un Secreto,190,House of Pleasure,2010
1336,Ozuna,Dile Que Tu Me Quieres,226,Dile Que Tu Me Quieres,2016
1337,Don Omar,Pobre Diabla,252,"The Gold Series ""The Last Don""",2004
1338,Tainy; Anuel AA; Ozuna,Adicto (with Anuel AA y Ozuna),270,Adicto (with Anuel AA & Ozuna),2019
1339,J Balvin,Reggaeton,158,Reggaeton,2018
1340,Ozuna; J Balvin; Chencho Corleone,Una Locura,230,ENOC,2020
1341,Rauw Alejandro,Sexo Virtual,208,VICE VERSA,2021
1342,J Balvin; Maria Becerra,Qué Más Pues?,217,JOSE,2021
1343,Rauw Alejandro; Anuel AA,Reloj,231,Reloj,2020
1344,Yandel; Rauw Alejandro,Dembow 2020,168,Quien Contra Mi 2,2020
1345,Lyanno; Rauw Alejandro,Poderosa,222,Poderosa,2021
1346,Ozuna; Lunay; Rauw Alejandro; Lyanno,Luz Apaga,245,Luz Apaga,2018
1347,Rauw Alejandro; Farruko,Fantasias,199,Fantasias,2019
1348,Manuel Turizo; Rauw Alejandro; Myke Towers,La Nota,216,La Nota,2020
1349,Aventura; Bad Bunny,Volví,230,Volví,2021
1350,Sech; Jhayco,911 (Remix),208,911 (Remix),2021
1351,Daddy Yankee,Ella Me Levanto,209,El Cartel: The Big Boss,2007
1352,Wisin y Yandel,Ahora Es,206,"Wisin Vs Yandel ""Los Extraterrestres""",2007
1353,Jhayco; J Balvin; Bad Bunny,No Me Conoce - Remix,309,Famouz,2019
1354,J Balvin; Farruko,6 AM,243,La Familia,2013
1355,Rauw Alejandro; Chencho Corleone; KEVVO; Bryant Myers; Lyanno; Dalex,El Efecto - Remix,289,El Efecto (Remix),2019
1356,Sech; Daddy Yankee; J Balvin,Sal y Perrea - Remix,226,Sal y Perrea (Remix),2021
1357,Sech; Daddy Yankee; J Balvin; ROSALÍA; Farruko,Relación - Remix,247,Relación (Remix),2020
1358,Bad Bunny; Yaviah,Bichiyal,196,YHLQMDLG,2020
1359,Tokischa; ROSALÍA,Linda,144,Linda,2021
1360,Ozuna,Si No Te Quiere,226,Odisea,2017
1361,Bad Bunny; Jowell y Randy; Ñengo Flow,Safaera,295,YHLQMDLG,2020
1362,Becky G; El Alfa,FULANITO,158,FULANITO,2021
1363,J Balvin,Azul,205,Colores,2020
1364,Ozuna; Daddy Yankee; J Balvin; Farruko; Anuel AA,Baila Baila Baila - Remix,235,"Baila Baila Baila (Remix) [feat. Farruko, Anuel Aa]",2019
1365,El Alfa; Chael Produciendo; CJ; El Cherry Scom,La Mamá de la Mamá,219,La Mamá de la Mamá,2021
1366,Bad Bunny; El Alfa,La Romana,300,X 100PRE,2018
1367,Daddy Yankee,Pose,217,Talento de Barrio,2008
1368,Wisin y Yandel; Bad Bunny,Dame Algo,237,"Los Campeones del Pueblo ""The Big Leagues""",2018
1369,Bad Bunny,Yo Perreo Sola,172,YHLQMDLG,2020
1370,Los Legendarios; Wisin; Jhayco,Fiel,261,Los Legendarios 001,2021
1371,J Balvin; Bad Bunny,QUE PRETENDES,222,OASIS,2019
1372,Sech,911,215,42,2021
1373,J Balvin; Maria Becerra,Qué Más Pues?,217,Qué Más Pues?,2021
1374,Tainy; Bad Bunny; Julieta Venegas,Lo Siento BB:/ (with Bad Bunny y Julieta Venegas),207,Lo Siento BB:/ (with Bad Bunny & Julieta Venegas),2021
1375,Bad Bunny; Daddy Yankee,La Santa,206,YHLQMDLG,2020
1376,KAROL G,BICHOTA,178,KG0516,2021
1377,Mariah Angeliq; Guaynaa,Taxi,173,Normal,2020
1378,Soca Man,Pasame La Botella,179,"Vamos A La Playa, Vol. 2",2010
1379,Daddy Yankee; NATTI NATASHA; Becky G,ZONA DEL PERREO,191,LEGENDADDY,2022
1380,Jowell y Randy; Kiko el Crazy,Se Acabó la Cuarentena,166,Viva el Perreo,2020
1381,Bad Bunny; Rauw Alejandro,Party,227,Un Verano Sin Ti,2022
1382,Bad Bunny,Moscow Mule,245,Un Verano Sin Ti,2022
1383,Dímelo Flow; Dalex; Sech; Justin Quiles; Arcángel; De La Ghetto; Lenny Tavárez,Se Le Ve,277,Se Le Ve,2021
1384,Randy; Ape Drums,23 (With Ape Drums),167,"Romances de una Nota 2021, Vol.2",2021
1385,Wisin; Jhayco; Anuel AA; Los Legendarios; Myke Towers,Fiel - Remix,349,Fiel (Remix),2021
1386,Don Omar,Conteo,196,The Fast And The Furious: Tokyo Drift (Original Motion Picture Soundtrack),2006
1387,Pitbull; Lil Jon,Culo,219,M.I.A.M.I.,2004
1388,Daddy Yankee,Gasolina,192,Barrio Fino (Bonus Track Version),2004
1389,Enur; Natasja,Calabria 2007 (feat. Natasja) - Radio Edit,233,Calabria 2007 (feat. Natasja),2007
1390,Wisin y Yandel,Pam Pam,227,La Historia De El Dúo (Vol.1),2013
1391,Angel Y Khriz,Ven Bailalo - Reggaeton Mix,252,Ven Bailalo (Reggaeton Mix),2005
1392,Daddy Yankee; Wisin y Yandel,No Me Dejes Solo,170,Barrio Fino (Bonus Track Version),2004
1393,Baby Rasta y Gringo,Me Niegas,201,Los Cotizados,2015
1394,Lunay; Daddy Yankee; Bad Bunny,Soltera - Remix,266,Épico,2019
1395,Becky G; KAROL G,MAMIII,226,ESQUEMAS,2022
1396,Bad Bunny; Jhayco,DÁKITI,205,EL ÚLTIMO TOUR DEL MUNDO,2020
1397,Sech,PSL,175,42,2021
1398,KAROL G,PROVENZA,210,PROVENZA,2022
1399,Bad Bunny; Tainy,Callaita,250,Un Verano Sin Ti,2022
1400,Sean Paul,Temperature,218,The Trinity,2005
1401,Daddy Yankee,Rompe,188,Barrio Fino En Directo,2005
1402,Bad Bunny; ROSALÍA,LA NOCHE DE ANOCHE,203,EL ÚLTIMO TOUR DEL MUNDO,2020
1403,Bad Bunny; Chencho Corleone,Me Porto Bonito,178,Un Verano Sin Ti,2022
1404,KAROL G,SEJODIOTO,181,SEJODIOTO,2021
1405,Bad Bunny,Tití Me Preguntó,243,Un Verano Sin Ti,2022
1406,Bad Bunny,La Zona,136,YHLQMDLG,2020
1407,Bad Bunny,Efecto,213,Un Verano Sin Ti,2022
1408,Bad Bunny,Si Veo a Tu Mamá,170,YHLQMDLG,2020
1409,Rauw Alejandro; Chencho Corleone,Desesperados,224,VICE VERSA,2021
1410,Rauw Alejandro; Chencho Corleone,El Efecto,217,El Efecto,2019
1411,Bad Bunny; Tony Dize,La Corriente,198,Un Verano Sin Ti,2022
1412,Bad Bunny,El Apagón,201,Un Verano Sin Ti,2022
1413,Bad Bunny; Drake,MIA,210,X 100PRE,2018
1414,Bad Bunny; Ñengo Flow,Que Malo,167,YHLQMDLG,2020
1415,Nio Garcia; Casper Magico; Ozuna; Wisin y Yandel; Myke Towers; Flow La Movie,Travesuras - Remix,324,Travesuras (Remix),2021
1416,Myke Towers; Farruko; Arcángel; Sech; Zion,Si Se Da - Remix,332,Si Se da Remix,2019
1417,Cris Mj,Una Noche en Medellín,153,Una Noche en Medellín,2022
1418,ROSALÍA; J Balvin; El Guincho,Con Altura,161,Con Altura,2019
1419,El Chombo,Papi Chulo,175,A Mover el Culo Con el Chombo,2016
1420,"Tito ""El Bambino""",Siente El Boom (feat. Randy),188,Siente El Boom (feat. Randy) - Single,2011
1421,Daddy Yankee,"Lo Que Pasó, Pasó",210,Barrio Fino (Bonus Track Version),2004
1422,Wisin y Yandel,Rakata,172,Pa'l Mundo,2005
1423,Ozuna,Dile Que Tu Me Quieres,226,Odisea,2017
1424,Guaynaa,Rebota,204,Rebota,2018
1425,KAROL G; Maldy,GATÚBELA,209,GATÚBELA,2022
1426,Bad Bunny,Dos Mil 16,208,Un Verano Sin Ti,2022
1427,Daddy Yankee; Wisin y Yandel; Zion; Hector; Tonny Tun Tun,Noche De Entierro,263,Mas Flow - Los Benjamins,2006
1428,"Héctor ""El Father""",Noche de Travesura,207,Goldstar Music La Familia Reggaeton Hits,2019
1429,R.K.M y Ken-Y,Down,225,Masterpiece: Nuestra Obra Maestra,2016
1430,Wisin y Yandel,Pegao,232,Wisin Y Yandel Presentan: Los Vaqueros,2006
1431,Feid; KAROL G,FRIKI,144,FRIKI,2021
1432,Bad Bunny,La Difícil,163,YHLQMDLG,2020
1433,Feid,Feliz Cumpleaños Ferxxo,155,FELIZ CUMPLEAÑOS FERXXO TE PIRATEAMOS EL ÁLBUM,2022
1434,De La Ghetto; Daddy Yankee; Ozuna; Chris Jedi,La fórmula (feat. Chris Jedi),232,Mi Movimiento,2018
1435,Nina Sky; Jabba,Move Ya Body,232,Nina Sky,2004
1436,Jhayco; Feid; Sech,En La De Ella,230,En La De Ella,2022
1437,Rauw Alejandro; Lyanno; Brray,LOKERA,197,SATURNO,2022
1438,Rauw Alejandro; Playero,DE CAROLINA,181,SATURNO,2022
1439,KAROL G; Ovy On The Drums,CAIRO,201,CAIRO,2022
1440,Rauw Alejandro; Playero,DEJAU',182,SATURNO,2022
1441,Ñengo Flow; Bad Bunny,Gato de Noche,227,Gato de Noche,2022
1442,Feid,CHORRITO PA LAS ANIMAS,168,SIXDO,2022
1443,"Boy Wonder CF; Randy; Tito ""El Bambino""",Siente El Boom (feat. Randy y Tito El Bambino),192,Boy Wonder Presents Chosen Few Grandes Exitos,2013
1444,Wisin y Yandel,Me Estas Tentando,229,La Revolucion (Deluxe),2009
1445,Rauw Alejandro; Daddy Yankee,PANTIES Y BRASIERES,197,PANTIES Y BRASIERES,2023
1446,Daddy Yankee; Fergie,Impacto (Remix) [feat. Fergie] (Remix),207,El Cartel: The Big Boss,2007
1447,Dj Laz; Flo Rida; Casely,"Move, Shake, Drop",190,Latin World Hip Hop Reloaded 1,2009
1448,N.O.R.E.; Fat Joe; Big Mato; Nina Sky; Chingo Bling; Lil Rob; Negra; Lumidee,Mas Maiz,274,N.O.R.E. Y La Familia,2006
1449,KAROL G; Carla Morrison,MAÑANA SERÁ BONITO,210,MAÑANA SERÁ BONITO,2023
1450,Plan B,Frikitona,183,Frikitona - Single,2011
1451,El Alfa; Darell; Noriel,4K,201,4K,2020
1452,Hombres G,Devuélveme a mi chica,194,Hombres G (Edición 30 Aniversario),1985
1453,Los Enanitos Verdes,Lamento Boliviano,222,Big Bang,1994
1454,ChiChi Peralta; Jandy Feliz,Procura,271,Pa' Otro La 'O,1997
1455,Juanes; Nelly Furtado,Fotografía,238,Un Día Normal,2002
1456,Entrelineas,Malibú,205,Malibú,2022
1457,Maná,Oye Mi Amor,263,¿Dónde Jugarán Los Niños?,1992
1458,Guayacán Orquesta,"Oiga, Mire, Vea - Salsa",323,Sentimental de Punta a Punta,1990
1459,Roberto Carlos,Mi Cacharrito (Road Hog),144,Pra Sempre Em Espanhol - Vol. 1,2007
1460,Daiana Alice; 27Corazones Beats,TA Celosa Tu EX,110,TA Celosa Tu EX,2023
1461,Carlos Vives; Fanny Lu; Fonseca; Maluma; Andrea Echeverri; Cholo Valderrama; Coral Group; Herencia de Timbiqui,"La Tierra del Olvido (feat. Fanny Lu, Fonseca, Maluma, Andrea Echeverri, Cholo Valderrama, Coral Group y Herencia de Timbiquí) - 2015",320,Más + Corazón Profundo Tour: En Vivo Desde la Bahía de Santa Marta,2015
1462,Laborde,Dejaré de Ser Yo,201,Dejaré de Ser Yo,2018
1463,Silvestre Dangond; Rolando Ochoa,Lo Ajeno Se Respeta,273,Super Vallenatos 2014,2013
1464,Jorge Celedón; Jimmy Zambrano,Ay Hombe,317,Canto Vallenato,2002
1465,Emmanuel Da Silva; Garnett,Mi Estrella (Galileo),231,"GRANATE, Vol. 2",2022
1466,Diomedes Diaz; Juancho Rois,La Plata,278,26 De Mayo,1994
1467,Jarabe De Palo,La flaca,261,La Flaca,1996
1468,Bacilos,Mi primer millon,237,Caraluna,2002
1469,Luis Miguel,Ahora Te Puedes Marchar,191,Soy Como Quiero Ser,1987
1470,Laborde; MT,Bailento,198,Bailento,2018
1471,Elefante,Así Es la Vida,310,El Que Busca Encuentra,2001
1472,Andrés Cepeda,Un ratito,228,Lo mejor que hay en mi vida,2012
1473,Grupo Niche,Cali Ají,277,Cielo de Tambores,1991
1474,Joe Arroyo; La Verdad,Echao Pa' Lante,246,Fuego en Mi Mente,2015
1475,Willie Colón; Rubén Blades,Pedro Navaja,445,Siembra,1978
1476,Rubén Blades,Decisiones,303,Buscando America,1984
1477,Juan Luis Guerra 4.40,El Niagara en Bicicleta,265,Ni Es Lo Mismo Ni Es Igual,2019
1478,Juan Luis Guerra 4.40,Las Avispas,197,Para Ti,2004
1479,Melendi,Un violinista en tu tejado,222,Un Violinista En Tu Tejado,2008
1480,Juanes,Yerbatero,211,P.A.R.C.E. (Deluxe Version),2010
1481,Billo's,El Brujo,295,"Clásicos de Oro de Billo Caracas Boy's, Vol II",1998
1482,Diomedes Diaz; El Cocha Molina,Sin Medir Distancias,298,Grandes Exitos,1989
1483,Wilfrido Vargas; Sandy Reyes,El Comejen,260,Wilfrido Vargas y Sandy Reyes,2018
1484,Vicente Fernández,Un Millón de Primaveras,173,Vicente Fernandez Para Siempre,2007
1485,Wilson Saoko; Fruko Y Sus Tesos,El Preso,294,Fruko Power Salsa,2000
1486,Laborde,Así Como Eres,181,Así Como Eres,2022
1487,Héctor Lavoe; Willie Colón,Juanito Alimaña,456,Vigilante,1982
1488,Héctor Lavoe,El Cantante,626,Comedia,1978
1489,Jorge Celedón,Parranda en el Cafetal,251,Llévame En Tus Sueños,2001
1490,Los Coquillos,Borracho Hasta El Amanecer,310,...Hasta El Amanecer,1998
1491,Laborde,Sandra,194,Sandra,2019
1492,Roberto Carlos,Mi Cacharrito (Road Hog),149,Un Gato En La Oscuridad,1964
1493,Jorge Celedón; Jimmy Zambrano,Esta Vida,237,Son Para El Mundo,2006
1494,Opus,Live Is Life - Live,254,Die Grössten Hits Aus 15 Jahren,1997
1495,Vicente Fernández,Mujeres Divinas,193,Mujeres Divinas,1987
1496,Alejandro Fernández,Mátalas,174,Lo Esencial De Alejandro Fernández,2011
1497,Ricardo Arjona,Historia de Taxi,405,Historias,1994
1498,Alejandro Sanz,Corazón partío,300,MTV Unplugged,2001
1499,Willie Colón,Talento De Televisión,279,Mis Favoritas,2010
1500,Héctor Lavoe,Periódico De Ayer,409,De Ti Depende,1976
